month,gulf_coast,nwe,singapore
1,23.0,7.5,14.2
2,24.1,7.8,13.98
3,24.5,7.86,13.28
4,24.1,7.66,12.29
5,23.0,7.22,11.28
6,21.5,6.65,10.52
7,20.0,6.08,10.2
8,18.9,5.64,10.42
9,18.5,5.44,11.12
10,18.9,5.5,12.11
11,20.0,5.8,13.12
12,21.5,6.23,13.88
13,23.0,6.66,14.2
14,24.1,6.96,13.98
15,24.5,7.02,13.28
16,24.1,6.82,12.29
17,23.0,6.38,11.28
18,21.5,5.81,10.52
19,20.0,5.24,10.2
20,18.9,4.8,10.42
21,18.5,4.6,11.12
22,18.9,4.66,12.11
23,20.0,4.96,13.12
24,21.5,5.39,13.88
25,23.0,5.82,14.2
26,24.1,6.12,13.98
27,24.5,6.18,13.28
28,24.1,5.98,12.29
29,23.0,5.54,11.28
30,21.5,4.97,10.52
31,20.0,4.4,10.2
32,18.9,3.96,10.42
33,18.5,3.76,11.12
34,18.9,3.82,12.11
35,20.0,4.12,13.12
36,21.5,4.55,13.88
