cluster,week,price,volume,ln_price,ln_volume
urban_high_comp,1,2.9215,88928.2,1.07209718,11.39558458
urban_high_comp,2,3.085,88318.5,1.12655166,11.38870488
urban_high_comp,3,3.1157,88186.1,1.13645385,11.38720463
urban_high_comp,4,2.878,88971.0,1.05709561,11.39606575
urban_high_comp,5,2.9645,88694.4,1.08670838,11.39295203
urban_high_comp,6,3.1328,88308.4,1.14192717,11.38859051
urban_high_comp,7,3.1342,88147.9,1.14237396,11.38677136
urban_high_comp,8,3.2084,88008.9,1.16577237,11.38519322
urban_high_comp,9,3.1738,88021.9,1.15492961,11.38534093
urban_high_comp,10,3.3877,87488.9,1.22015123,11.37926721
urban_high_comp,11,3.4163,87379.4,1.22855809,11.37801484
urban_high_comp,12,3.3744,87469.7,1.21621753,11.37904773
urban_high_comp,13,3.5047,87112.0,1.25410492,11.37494993
urban_high_comp,14,3.4454,87243.5,1.23704001,11.37645834
urban_high_comp,15,3.3084,87691.7,1.19646469,11.38158253
urban_high_comp,16,3.4182,87330.1,1.2291141,11.37745047
urban_high_comp,17,3.2606,87744.1,1.18191123,11.3821799
urban_high_comp,18,3.4106,87308.3,1.22688823,11.37720081
urban_high_comp,19,3.2763,87771.3,1.18671474,11.38248985
urban_high_comp,20,3.2185,88017.6,1.16891541,11.38529207
urban_high_comp,21,3.1255,88226.8,1.13959427,11.38766605
urban_high_comp,22,3.2624,87797.1,1.18246312,11.38278375
urban_high_comp,23,3.0892,88346.9,1.12791216,11.38902639
urban_high_comp,24,3.029,88592.6,1.10823253,11.39180361
urban_high_comp,25,3.0087,88600.4,1.10150809,11.39189165
urban_high_comp,26,3.0709,88367.7,1.12197068,11.3892618
urban_high_comp,27,3.0473,88523.3,1.11425595,11.39102107
urban_high_comp,28,3.0539,88466.3,1.11641946,11.39037697
urban_high_comp,29,3.0684,88478.9,1.12115625,11.39051938
urban_high_comp,30,3.2539,87838.2,1.17985428,11.38325176
urban_high_comp,31,3.0452,88406.3,1.11356658,11.38969851
urban_high_comp,32,3.0732,88309.7,1.12271936,11.38860523
urban_high_comp,33,3.0877,88424.0,1.12742648,11.3898987
urban_high_comp,34,3.2699,87872.0,1.1847594,11.38363649
urban_high_comp,35,3.3683,87485.9,1.21440817,11.37923292
urban_high_comp,36,3.2882,87707.1,1.1903403,11.38175813
urban_high_comp,37,3.2544,87904.1,1.18000793,11.38400173
urban_high_comp,38,3.2855,87676.9,1.18951885,11.38141375
urban_high_comp,39,3.4549,87204.5,1.23979351,11.37601121
urban_high_comp,40,3.474,87232.1,1.24530667,11.37632766
urban_high_comp,41,3.4506,87242.6,1.23854813,11.37644802
urban_high_comp,42,3.3138,87652.2,1.19809557,11.38113199
urban_high_comp,43,3.3792,87455.7,1.217639,11.37888766
urban_high_comp,44,3.3336,87612.8,1.2040528,11.38068238
urban_high_comp,45,3.3029,87758.3,1.19480087,11.38234172
urban_high_comp,46,3.3221,87633.1,1.20059711,11.38091406
urban_high_comp,47,3.2115,87989.3,1.16673812,11.3849705
urban_high_comp,48,3.2096,87852.9,1.16614632,11.3834191
urban_high_comp,49,3.1098,88264.6,1.13455842,11.3880944
urban_high_comp,50,3.0949,88269.2,1.1297556,11.38814651
urban_high_comp,51,3.0988,88237.1,1.13101494,11.38778279
urban_high_comp,52,2.893,88924.8,1.06229403,11.39554635
urban_high_comp,53,2.9853,88647.0,1.09370024,11.39241747
urban_high_comp,54,2.9741,88750.2,1.08994147,11.39358096
urban_high_comp,55,2.9715,88639.4,1.08906688,11.39233173
urban_high_comp,56,3.0264,88533.2,1.10737379,11.3911329
urban_high_comp,57,3.224,87892.2,1.17062282,11.38386634
urban_high_comp,58,3.0407,88468.3,1.11208775,11.39039957
urban_high_comp,59,3.2573,87871.3,1.18089863,11.38362852
urban_high_comp,60,3.052,88478.1,1.11579711,11.39051034
urban_high_comp,61,3.2235,87989.8,1.17046773,11.38497618
urban_high_comp,62,3.3156,87639.1,1.1986386,11.38098252
urban_high_comp,63,3.3967,87378.1,1.22280437,11.37799996
urban_high_comp,64,3.4404,87280.0,1.23558774,11.37687662
urban_high_comp,65,3.4698,87222.7,1.24409696,11.3762199
urban_high_comp,66,3.362,87522.6,1.21253603,11.37965232
urban_high_comp,67,3.3481,87496.3,1.20839302,11.37935179
urban_high_comp,68,3.4688,87217.5,1.24380871,11.37616028
urban_high_comp,69,3.3366,87598.4,1.20495232,11.38051801
urban_high_comp,70,3.1972,88131.5,1.16227543,11.3865853
urban_high_comp,71,3.1716,88175.6,1.15423619,11.38708556
urban_high_comp,72,3.1483,88102.7,1.14686262,11.38625846
urban_high_comp,73,3.2379,87861.0,1.17492497,11.3835113
urban_high_comp,74,3.1583,88039.7,1.15003391,11.38554313
urban_high_comp,75,3.1685,88054.6,1.15325829,11.38571236
urban_high_comp,76,3.0291,88539.6,1.10826555,11.39120519
urban_high_comp,77,3.0551,88503.7,1.11681233,11.39079964
urban_high_comp,78,3.0796,88323.4,1.12479972,11.38876036
urban_high_comp,79,2.9862,88627.1,1.09400168,11.39219296
urban_high_comp,80,3.058,88316.6,1.11776111,11.38868336
urban_high_comp,81,2.9695,88707.9,1.08839359,11.39310423
urban_high_comp,82,3.0184,88500.9,1.10472689,11.390768
urban_high_comp,83,3.0475,88435.8,1.11432158,11.39003214
urban_high_comp,84,3.0108,88535.3,1.10220582,11.39115662
urban_high_comp,85,3.2106,87953.1,1.16645784,11.384559
urban_high_comp,86,3.1651,88003.4,1.15218465,11.38513073
urban_high_comp,87,3.2573,87741.2,1.18089863,11.38214685
urban_high_comp,88,3.3474,87667.2,1.20818393,11.38130311
urban_high_comp,89,3.3825,87387.3,1.21861508,11.37810524
urban_high_comp,90,3.4356,87247.7,1.23419158,11.37650648
urban_high_comp,91,3.3782,87563.5,1.21734302,11.38011952
urban_high_comp,92,3.3545,87687.5,1.21030273,11.38153464
urban_high_comp,93,3.3867,87381.5,1.219856,11.37803887
urban_high_comp,94,3.2138,87929.0,1.16745404,11.38428495
urban_high_comp,95,3.2132,87968.2,1.16726733,11.38473066
urban_high_comp,96,3.1927,88103.5,1.16086695,11.38626754
urban_high_comp,97,3.1845,87984.9,1.15829529,11.38492049
urban_high_comp,98,3.2754,87752.0,1.18644,11.38226993
urban_high_comp,99,3.1045,88325.0,1.13285267,11.38877847
urban_high_comp,100,3.1094,88291.5,1.13442978,11.38839912
urban_high_comp,101,3.2269,87889.2,1.17152192,11.38383221
urban_high_comp,102,3.0355,88495.2,1.11037616,11.39070359
urban_high_comp,103,3.1086,88198.2,1.13417246,11.38734183
urban_high_comp,104,2.9388,88805.4,1.07800133,11.39420274
urban_high_comp,105,2.9956,88617.1,1.09714455,11.39208012
urban_high_comp,106,2.9316,88854.4,1.07554835,11.39475435
urban_high_comp,107,2.9984,88592.6,1.09807881,11.39180361
urban_high_comp,108,3.1294,88231.2,1.14084129,11.38771592
urban_high_comp,109,2.9269,88911.7,1.07394384,11.39539902
urban_high_comp,110,3.1617,88114.9,1.15110986,11.38639692
urban_high_comp,111,3.1867,88048.9,1.1589859,11.38564762
urban_high_comp,112,3.1533,88135.3,1.14844952,11.38662841
urban_high_comp,113,3.1179,88242.0,1.1371597,11.38783832
urban_high_comp,114,3.3066,87635.5,1.19592047,11.38094145
urban_high_comp,115,3.2849,87753.6,1.18933621,11.38228817
urban_high_comp,116,3.3913,87424.7,1.22121333,11.37853313
urban_high_comp,117,3.3904,87542.3,1.22094791,11.37987738
urban_high_comp,118,3.5646,87034.0,1.27105185,11.37405413
urban_high_comp,119,3.3705,87509.3,1.2150611,11.37950035
urban_high_comp,120,3.2784,87715.9,1.1873555,11.38185846
urban_high_comp,121,3.3739,87421.0,1.21606935,11.37849081
urban_high_comp,122,3.3439,87627.9,1.20713779,11.38085472
urban_high_comp,123,3.4178,87368.8,1.22899707,11.37789352
urban_high_comp,124,3.3185,87664.0,1.19951287,11.3812666
urban_high_comp,125,3.2243,87824.9,1.17071587,11.38310034
urban_high_comp,126,3.286,87782.6,1.18967102,11.38261858
urban_high_comp,127,2.9948,88658.0,1.09687745,11.39254155
urban_high_comp,128,3.0098,88526.1,1.10187363,11.3910527
urban_high_comp,129,2.9573,88731.7,1.08427669,11.39337249
urban_high_comp,130,2.9872,88672.6,1.09433649,11.39270621
urban_high_comp,131,2.8921,88977.5,1.06198288,11.39613881
urban_high_comp,132,3.0744,88363.0,1.12310976,11.38920861
urban_high_comp,133,3.0089,88582.6,1.10157456,11.39169073
urban_high_comp,134,2.9197,88868.4,1.07148087,11.3949119
urban_high_comp,135,2.9901,88657.3,1.09530683,11.39253365
urban_high_comp,136,3.1502,88219.8,1.14746594,11.38758671
urban_high_comp,137,3.2446,87721.0,1.17699208,11.3819166
urban_high_comp,138,3.4082,87369.6,1.22618429,11.37790268
urban_high_comp,139,3.5535,86990.9,1.26793303,11.37355879
urban_high_comp,140,3.3408,87589.8,1.2062103,11.38041983
urban_high_comp,141,3.2399,87850.6,1.17554247,11.38339292
urban_high_comp,142,3.1591,88021.8,1.15028718,11.38533979
urban_high_comp,143,3.4155,87378.7,1.2283239,11.37800682
urban_high_comp,144,3.3155,87738.4,1.19860844,11.38211494
urban_high_comp,145,3.3528,87459.2,1.20979582,11.37892768
urban_high_comp,146,3.3191,87682.5,1.19969366,11.38147761
urban_high_comp,147,3.3416,87554.7,1.20644973,11.38001902
urban_high_comp,148,3.4299,87317.9,1.23253111,11.37731076
urban_high_comp,149,3.2967,87647.0,1.19292197,11.38107266
urban_high_comp,150,3.221,87909.1,1.16969187,11.38405861
urban_high_comp,151,3.0924,88390.6,1.12894749,11.38952091
urban_high_comp,152,2.9908,88677.9,1.09554091,11.39276598
urban_high_comp,153,3.0586,88520.5,1.11795729,11.39098944
urban_high_comp,154,3.0632,88476.4,1.11946012,11.39049113
urban_high_comp,155,3.2062,87994.5,1.16508644,11.38502959
urban_high_comp,156,3.0341,88599.5,1.10991484,11.39188149
suburban_mid_comp,1,3.1458,93374.2,1.14606823,11.44437035
suburban_mid_comp,2,3.014,93571.9,1.1032681,11.4464854
suburban_mid_comp,3,3.0285,93551.8,1.10806745,11.44627057
suburban_mid_comp,4,2.9517,93722.5,1.08238128,11.44809357
suburban_mid_comp,5,3.1071,93458.8,1.13368982,11.44527598
suburban_mid_comp,6,2.9236,93746.8,1.07281573,11.44835281
suburban_mid_comp,7,3.1235,93454.2,1.13895417,11.44522676
suburban_mid_comp,8,3.0645,93437.4,1.11988442,11.44504697
suburban_mid_comp,9,3.2318,93204.1,1.17303926,11.44254699
suburban_mid_comp,10,3.2355,93342.7,1.17418348,11.44403295
suburban_mid_comp,11,3.3896,92950.0,1.22071192,11.43981699
suburban_mid_comp,12,3.3276,93120.6,1.20225132,11.44165071
suburban_mid_comp,13,3.147,93357.7,1.14644962,11.44419363
suburban_mid_comp,14,3.3304,93068.3,1.20309242,11.44108891
suburban_mid_comp,15,3.2511,93167.3,1.1789934,11.44215208
suburban_mid_comp,16,3.3357,93017.4,1.20468255,11.44054185
suburban_mid_comp,17,3.5549,92629.1,1.26832693,11.43635863
suburban_mid_comp,18,3.4605,92846.1,1.24141309,11.43869856
suburban_mid_comp,19,3.3108,93021.2,1.19718985,11.4405827
suburban_mid_comp,20,3.2556,93199.9,1.18037659,11.44250193
suburban_mid_comp,21,3.3257,93104.3,1.20168018,11.44147565
suburban_mid_comp,22,3.1642,93342.6,1.15190026,11.44403187
suburban_mid_comp,23,3.1725,93291.3,1.15451992,11.44348213
suburban_mid_comp,24,3.2206,93248.5,1.16956768,11.44302325
suburban_mid_comp,25,3.2564,93144.1,1.18062229,11.44190304
suburban_mid_comp,26,3.1612,93379.7,1.1509517,11.44442926
suburban_mid_comp,27,2.8647,93777.4,1.05246363,11.44867917
suburban_mid_comp,28,3.0688,93474.8,1.12128661,11.44544716
suburban_mid_comp,29,3.029,93455.2,1.10823253,11.44523746
suburban_mid_comp,30,3.0518,93440.9,1.11573158,11.44508443
suburban_mid_comp,31,3.1661,93395.1,1.15250055,11.44459416
suburban_mid_comp,32,2.847,93965.8,1.04626581,11.45068617
suburban_mid_comp,33,2.9975,93585.2,1.09777861,11.44662753
suburban_mid_comp,34,3.1372,93285.9,1.14333068,11.44342425
suburban_mid_comp,35,2.9756,93500.3,1.0904457,11.44571992
suburban_mid_comp,36,3.3067,93045.4,1.19595071,11.44084283
suburban_mid_comp,37,3.2451,93316.2,1.17714617,11.44374901
suburban_mid_comp,38,3.3392,93045.4,1.20573126,11.44084283
suburban_mid_comp,39,3.2429,93153.3,1.17646799,11.4420018
suburban_mid_comp,40,3.4195,92914.5,1.22949434,11.43943499
suburban_mid_comp,41,3.4771,92708.6,1.24619861,11.43721652
suburban_mid_comp,42,3.4117,92884.7,1.2272107,11.43911422
suburban_mid_comp,43,3.4213,92891.2,1.2300206,11.43918419
suburban_mid_comp,44,3.4226,92878.7,1.2304005,11.43904962
suburban_mid_comp,45,3.2945,93140.5,1.19225441,11.44186438
suburban_mid_comp,46,3.3414,93036.7,1.20638988,11.44074932
suburban_mid_comp,47,3.3073,93112.0,1.19613215,11.44155835
suburban_mid_comp,48,3.3198,93015.2,1.19990454,11.4405182
suburban_mid_comp,49,3.3355,93077.4,1.20462259,11.44118668
suburban_mid_comp,50,3.0909,93544.7,1.12846231,11.44619468
suburban_mid_comp,51,3.1337,93321.9,1.14221442,11.44381009
suburban_mid_comp,52,3.2451,93131.2,1.17714617,11.44176453
suburban_mid_comp,53,3.0009,93694.3,1.09891224,11.44779263
suburban_mid_comp,54,2.9668,93672.7,1.08748393,11.44756207
suburban_mid_comp,55,3.0409,93623.7,1.11215352,11.44703884
suburban_mid_comp,56,3.0914,93427.6,1.12862406,11.44494208
suburban_mid_comp,57,3.0173,93670.3,1.10436239,11.44753645
suburban_mid_comp,58,3.152,93351.0,1.14803717,11.44412186
suburban_mid_comp,59,3.1305,93396.5,1.14119274,11.44460915
suburban_mid_comp,60,3.1609,93415.5,1.1508568,11.44481256
suburban_mid_comp,61,3.1725,93287.1,1.15451992,11.44343711
suburban_mid_comp,62,3.3922,92880.8,1.22147868,11.43907223
suburban_mid_comp,63,3.1897,93252.0,1.15992687,11.44306078
suburban_mid_comp,64,3.0656,93524.8,1.12024331,11.44598192
suburban_mid_comp,65,3.4616,92733.2,1.24173091,11.43748183
suburban_mid_comp,66,3.2915,93137.1,1.19134339,11.44182788
suburban_mid_comp,67,3.3783,92926.1,1.21737262,11.43955983
suburban_mid_comp,68,3.5237,92785.3,1.25951157,11.4380435
suburban_mid_comp,69,3.2379,93059.4,1.17492497,11.44099328
suburban_mid_comp,70,3.2698,93094.4,1.18472882,11.44136931
suburban_mid_comp,71,3.2223,93125.9,1.17009539,11.44170762
suburban_mid_comp,72,3.2772,93079.6,1.1869894,11.44121032
suburban_mid_comp,73,3.3665,92989.5,1.21387363,11.44024186
suburban_mid_comp,74,3.3338,93020.1,1.20411279,11.44057088
suburban_mid_comp,75,3.2639,93134.3,1.1829228,11.44179782
suburban_mid_comp,76,3.0582,93504.1,1.11782651,11.44576056
suburban_mid_comp,77,2.9348,93755.8,1.07663931,11.44844881
suburban_mid_comp,78,3.1091,93363.9,1.1343333,11.44426004
suburban_mid_comp,79,3.0255,93613.0,1.10707637,11.44692454
suburban_mid_comp,80,3.0831,93504.7,1.12593558,11.44576698
suburban_mid_comp,81,3.0868,93482.4,1.12713496,11.44552846
suburban_mid_comp,82,3.0266,93602.6,1.10743988,11.44681344
suburban_mid_comp,83,3.0858,93479.2,1.12681094,11.44549423
suburban_mid_comp,84,3.0497,93642.9,1.11504323,11.44724389
suburban_mid_comp,85,3.1,93432.0,1.13140211,11.44498918
suburban_mid_comp,86,3.0176,93570.8,1.10446181,11.44647365
suburban_mid_comp,87,3.1034,93388.5,1.13249828,11.44452349
suburban_mid_comp,88,3.1822,93232.5,1.15757278,11.44285165
suburban_mid_comp,89,3.2894,93035.5,1.19070518,11.44073642
suburban_mid_comp,90,3.2173,93179.2,1.1685425,11.4422798
suburban_mid_comp,91,3.3509,92997.6,1.20922897,11.44032897
suburban_mid_comp,92,3.3105,93088.0,1.19709924,11.44130056
suburban_mid_comp,93,3.3555,92996.8,1.21060079,11.44032036
suburban_mid_comp,94,3.4733,92759.0,1.24510515,11.43776001
suburban_mid_comp,95,3.2002,93309.1,1.16321331,11.44367292
suburban_mid_comp,96,3.2654,93187.2,1.18338227,11.44236565
suburban_mid_comp,97,3.2339,93191.2,1.17368884,11.44240858
suburban_mid_comp,98,3.1293,93347.6,1.14080934,11.44408544
suburban_mid_comp,99,3.2555,93193.5,1.18034587,11.44243326
suburban_mid_comp,100,3.3565,93002.7,1.21089876,11.4403838
suburban_mid_comp,101,3.2094,93161.7,1.166084,11.44209197
suburban_mid_comp,102,3.2096,93238.5,1.16614632,11.44291601
suburban_mid_comp,103,3.2499,93187.2,1.17862423,11.44236565
suburban_mid_comp,104,3.2302,93156.2,1.17254405,11.44203293
suburban_mid_comp,105,3.0622,93516.3,1.11913361,11.44589103
suburban_mid_comp,106,3.167,93235.7,1.15278477,11.44288597
suburban_mid_comp,107,3.0308,93638.6,1.10882661,11.44719797
suburban_mid_comp,108,2.9393,93806.0,1.07817146,11.4489841
suburban_mid_comp,109,2.9629,93676.6,1.08616852,11.4476037
suburban_mid_comp,110,2.8972,93837.4,1.06374475,11.44931878
suburban_mid_comp,111,2.9709,93540.3,1.08886494,11.44614764
suburban_mid_comp,112,3.0492,93464.7,1.11487926,11.4453391
suburban_mid_comp,113,3.1963,93249.1,1.16199389,11.44302969
suburban_mid_comp,114,3.331,92975.0,1.20327256,11.44008592
suburban_mid_comp,115,3.079,93515.1,1.12460487,11.4458782
suburban_mid_comp,116,3.2941,93208.7,1.19213299,11.44259634
suburban_mid_comp,117,3.1975,93197.6,1.16236925,11.44247725
suburban_mid_comp,118,3.3849,92898.6,1.21932436,11.43926385
suburban_mid_comp,119,3.3542,93009.2,1.21021329,11.44045369
suburban_mid_comp,120,3.2069,93337.2,1.16530474,11.44397402
suburban_mid_comp,121,3.4933,92701.6,1.25084685,11.43714101
suburban_mid_comp,122,3.3339,93043.9,1.20414279,11.4408267
suburban_mid_comp,123,3.3272,93142.9,1.20213111,11.44189015
suburban_mid_comp,124,3.2502,93079.7,1.17871653,11.44121139
suburban_mid_comp,125,3.2578,93087.4,1.18105212,11.44129412
suburban_mid_comp,126,3.3242,93022.6,1.20122904,11.44059775
suburban_mid_comp,127,3.2187,93197.3,1.16897755,11.44247403
suburban_mid_comp,128,3.2222,93265.8,1.17006436,11.44320876
suburban_mid_comp,129,3.1798,93308.0,1.1568183,11.44366113
suburban_mid_comp,130,3.2295,93108.5,1.17232733,11.44152076
suburban_mid_comp,131,3.0372,93580.6,1.11093604,11.44657838
suburban_mid_comp,132,2.9091,93761.4,1.06784375,11.44850854
suburban_mid_comp,133,3.1208,93470.8,1.13808938,11.44540437
suburban_mid_comp,134,2.9843,93615.1,1.09336521,11.44694697
suburban_mid_comp,135,3.1188,93367.3,1.13744831,11.44429646
suburban_mid_comp,136,3.0638,93533.1,1.11965598,11.44607066
suburban_mid_comp,137,3.0391,93591.0,1.11156142,11.4466895
suburban_mid_comp,138,3.1145,93435.8,1.13606863,11.44502985
suburban_mid_comp,139,3.3083,92978.9,1.19643446,11.44012786
suburban_mid_comp,140,3.3668,93005.2,1.21396274,11.44041068
suburban_mid_comp,141,3.2161,93173.1,1.16816945,11.44221433
suburban_mid_comp,142,3.2712,93149.1,1.18515689,11.44195671
suburban_mid_comp,143,3.4072,92829.3,1.22589084,11.4385176
suburban_mid_comp,144,3.2535,93191.3,1.17973134,11.44240965
suburban_mid_comp,145,3.4012,92873.5,1.22412831,11.43899363
suburban_mid_comp,146,3.3853,92873.1,1.21944253,11.43898932
suburban_mid_comp,147,3.4295,92912.1,1.23241448,11.43940916
suburban_mid_comp,148,3.3111,93081.8,1.19728046,11.44123396
suburban_mid_comp,149,3.2235,93183.8,1.17046773,11.44232917
suburban_mid_comp,150,3.1538,93421.8,1.14860807,11.44488
suburban_mid_comp,151,3.2129,93211.9,1.16717396,11.44263067
suburban_mid_comp,152,3.237,93196.5,1.17464697,11.44246545
suburban_mid_comp,153,3.2086,93259.1,1.1658347,11.44313692
suburban_mid_comp,154,3.3815,92916.3,1.2183194,11.43945437
suburban_mid_comp,155,3.2516,93195.9,1.17914718,11.44245901
suburban_mid_comp,156,3.0157,93561.6,1.10383198,11.44637532
rural_low_comp,1,3.1794,97765.6,1.1566925,11.49032806
rural_low_comp,2,2.9885,97834.9,1.09477159,11.49103664
rural_low_comp,3,2.9037,97905.2,1.06598579,11.49175494
rural_low_comp,4,3.3217,97630.2,1.2004767,11.48894215
rural_low_comp,5,3.4662,97532.7,1.24305889,11.48794299
rural_low_comp,6,3.2177,97626.3,1.16866682,11.4889022
rural_low_comp,7,3.1141,97744.9,1.13594019,11.4901163
rural_low_comp,8,3.3073,97592.4,1.19613215,11.4885549
rural_low_comp,9,3.3395,97544.0,1.2058211,11.48805884
rural_low_comp,10,3.3692,97629.9,1.21467533,11.48893908
rural_low_comp,11,3.2859,97671.7,1.18964059,11.48936713
rural_low_comp,12,3.4542,97446.8,1.23959088,11.48706187
rural_low_comp,13,3.4338,97555.7,1.23366752,11.48817878
rural_low_comp,14,3.2081,97754.0,1.16567886,11.4902094
rural_low_comp,15,3.3915,97649.1,1.2212723,11.48913572
rural_low_comp,16,3.4887,97592.0,1.24952917,11.4885508
rural_low_comp,17,3.2521,97671.3,1.17930094,11.48936304
rural_low_comp,18,3.1569,97677.5,1.14959053,11.48942651
rural_low_comp,19,3.1306,97679.9,1.14122468,11.48945109
rural_low_comp,20,3.1605,97745.0,1.15073024,11.49011733
rural_low_comp,21,2.9123,97907.1,1.06894315,11.49177435
rural_low_comp,22,3.0552,97866.6,1.11684506,11.49136061
rural_low_comp,23,2.9868,97900.0,1.09420258,11.49170183
rural_low_comp,24,3.1858,97701.5,1.15870343,11.48967219
rural_low_comp,25,3.0008,97753.2,1.09887892,11.49020121
rural_low_comp,26,3.1848,97691.1,1.15838949,11.48956574
rural_low_comp,27,2.9526,97870.7,1.08268614,11.4914025
rural_low_comp,28,3.1381,97726.9,1.14361752,11.48993213
rural_low_comp,29,3.1517,97696.4,1.14794199,11.48961999
rural_low_comp,30,3.0835,97787.9,1.12606532,11.49055613
rural_low_comp,31,3.2281,97653.9,1.17189373,11.48918487
rural_low_comp,32,3.3777,97558.2,1.217195,11.4882044
rural_low_comp,33,3.2684,97677.5,1.18430057,11.48942651
rural_low_comp,34,3.173,97693.5,1.15467751,11.48959031
rural_low_comp,35,3.3665,97615.8,1.21387363,11.48879464
rural_low_comp,36,3.298,97657.6,1.19331622,11.48922276
rural_low_comp,37,3.3628,97536.9,1.21277396,11.48798605
rural_low_comp,38,3.3864,97561.8,1.21976741,11.4882413
rural_low_comp,39,3.2116,97777.8,1.16676926,11.49045284
rural_low_comp,40,3.1964,97634.6,1.16202518,11.48898722
rural_low_comp,41,3.3695,97475.9,1.21476437,11.48736045
rural_low_comp,42,3.2293,97573.7,1.1722654,11.48836327
rural_low_comp,43,2.9958,97831.2,1.09721131,11.49099882
rural_low_comp,44,3.265,97663.1,1.18325976,11.48927908
rural_low_comp,45,3.1697,97712.2,1.15363695,11.4897817
rural_low_comp,46,3.037,97874.0,1.11087019,11.49143622
rural_low_comp,47,2.9487,97703.7,1.0813644,11.48969471
rural_low_comp,48,3.1173,97774.9,1.13696724,11.49042318
rural_low_comp,49,3.0539,97883.6,1.11641946,11.4915343
rural_low_comp,50,3.2373,97611.8,1.17473965,11.48875367
rural_low_comp,51,3.0548,97769.0,1.11671412,11.49036283
rural_low_comp,52,3.0648,97740.8,1.11998231,11.49007436
rural_low_comp,53,3.0368,97750.4,1.11080433,11.49017257
rural_low_comp,54,3.1598,97706.1,1.15050873,11.48971927
rural_low_comp,55,3.1807,97796.1,1.1571013,11.49063998
rural_low_comp,56,3.2861,97756.4,1.18970145,11.49023395
rural_low_comp,57,3.1612,97704.7,1.1509517,11.48970494
rural_low_comp,58,3.2148,97803.3,1.16776515,11.4907136
rural_low_comp,59,3.2533,97670.4,1.17966987,11.48935382
rural_low_comp,60,3.4184,97674.3,1.22917261,11.48939375
rural_low_comp,61,3.5231,97507.3,1.25934128,11.48768253
rural_low_comp,62,3.3421,97623.4,1.20659935,11.4888725
rural_low_comp,63,3.3544,97629.9,1.21027292,11.48893908
rural_low_comp,64,3.4268,97753.1,1.23162688,11.49020019
rural_low_comp,65,3.3554,97657.8,1.21057099,11.48922481
rural_low_comp,66,3.4524,97510.9,1.23906964,11.48771945
rural_low_comp,67,3.1042,97816.8,1.13275603,11.49085162
rural_low_comp,68,3.2,97679.3,1.16315081,11.48944494
rural_low_comp,69,3.1603,97696.2,1.15066696,11.48961794
rural_low_comp,70,2.9746,97896.7,1.09010958,11.49166812
rural_low_comp,71,3.0544,97793.4,1.11658317,11.49061237
rural_low_comp,72,3.0187,97830.9,1.10482628,11.49099576
rural_low_comp,73,3.049,97795.9,1.11481367,11.49063793
rural_low_comp,74,3.1434,97755.2,1.14530502,11.49022167
rural_low_comp,75,2.9999,97851.8,1.09857895,11.49120937
rural_low_comp,76,2.9222,97764.5,1.07233676,11.4903168
rural_low_comp,77,3.0114,97858.4,1.10240509,11.49127681
rural_low_comp,78,3.1263,97688.5,1.1398502,11.48953912
rural_low_comp,79,2.964,97765.7,1.08653971,11.49032908
rural_low_comp,80,3.0002,97823.2,1.09867895,11.49091705
rural_low_comp,81,3.1744,97721.2,1.15511864,11.48987381
rural_low_comp,82,3.144,97694.4,1.14549587,11.48959952
rural_low_comp,83,3.274,97704.6,1.18601248,11.48970392
rural_low_comp,84,3.2557,97588.2,1.18040731,11.48851186
rural_low_comp,85,3.3706,97575.3,1.21509077,11.48837967
rural_low_comp,86,3.2362,97644.3,1.1743998,11.48908656
rural_low_comp,87,3.3671,97598.4,1.21405184,11.48861638
rural_low_comp,88,3.3671,97617.5,1.21405184,11.48881206
rural_low_comp,89,3.2758,97595.8,1.18656211,11.48858974
rural_low_comp,90,3.2391,97719.3,1.17529551,11.48985436
rural_low_comp,91,3.4505,97557.1,1.23851915,11.48819313
rural_low_comp,92,3.32,97517.9,1.19996478,11.48779123
rural_low_comp,93,3.2208,97573.2,1.16962978,11.48835814
rural_low_comp,94,3.2709,97657.0,1.18506518,11.48921662
rural_low_comp,95,3.3468,97600.0,1.20800467,11.48863277
rural_low_comp,96,2.9781,97835.0,1.09128551,11.49103767
rural_low_comp,97,3.0059,97821.3,1.10057702,11.49089762
rural_low_comp,98,3.018,97828.3,1.10459436,11.49096918
rural_low_comp,99,3.2049,97753.1,1.16468089,11.49020019
rural_low_comp,100,3.066,97719.0,1.12037378,11.48985129
rural_low_comp,101,3.0924,97698.7,1.12894749,11.48964353
rural_low_comp,102,2.9127,97820.3,1.06908049,11.4908874
rural_low_comp,103,2.9169,97898.7,1.07052141,11.49168855
rural_low_comp,104,3.0704,97854.4,1.12180785,11.49123594
rural_low_comp,105,3.0574,97764.4,1.11756488,11.49031578
rural_low_comp,106,3.1345,97594.4,1.14246967,11.48857539
rural_low_comp,107,3.1041,97660.1,1.13272382,11.48924836
rural_low_comp,108,3.1915,97656.9,1.16049103,11.48921559
rural_low_comp,109,3.2263,97651.9,1.17133597,11.48916439
rural_low_comp,110,3.3339,97596.6,1.20414279,11.48859794
rural_low_comp,111,3.3812,97595.2,1.21823068,11.48858359
rural_low_comp,112,3.1799,97694.6,1.15684975,11.48960157
rural_low_comp,113,3.1487,97793.7,1.14698967,11.49061544
rural_low_comp,114,3.4918,97490.6,1.25041736,11.48751124
rural_low_comp,115,3.5207,97463.7,1.25865983,11.48723528
rural_low_comp,116,3.2923,97673.1,1.19158641,11.48938147
rural_low_comp,117,3.1968,97612.5,1.16215031,11.48876084
rural_low_comp,118,3.3651,97625.1,1.21345768,11.48888991
rural_low_comp,119,3.4152,97579.5,1.22823606,11.48842271
rural_low_comp,120,3.4621,97538.2,1.24187534,11.48799938
rural_low_comp,121,3.2859,97741.9,1.18964059,11.49008561
rural_low_comp,122,3.1537,97692.6,1.14857637,11.48958109
rural_low_comp,123,3.0608,97908.4,1.11867632,11.49178763
rural_low_comp,124,3.1038,97747.0,1.13262717,11.49013779
rural_low_comp,125,3.0401,97725.9,1.11189041,11.4899219
rural_low_comp,126,2.949,97864.4,1.08146613,11.49133813
rural_low_comp,127,3.2136,97629.2,1.1673918,11.48893191
rural_low_comp,128,3.1798,97668.9,1.1568183,11.48933847
rural_low_comp,129,3.1211,97772.6,1.1381855,11.49039965
rural_low_comp,130,2.9468,97894.4,1.08071984,11.49164463
rural_low_comp,131,3.1313,97706.5,1.14144825,11.48972337
rural_low_comp,132,3.143,97793.6,1.14517776,11.49061441
rural_low_comp,133,3.1633,97791.0,1.15161579,11.49058783
rural_low_comp,134,3.2859,97733.0,1.18964059,11.48999455
rural_low_comp,135,3.2728,97687.6,1.18564589,11.48952991
rural_low_comp,136,3.3302,97702.5,1.20303236,11.48968243
rural_low_comp,137,3.364,97492.9,1.21313074,11.48753483
rural_low_comp,138,3.3725,97579.4,1.21565431,11.48842168
rural_low_comp,139,3.1928,97654.1,1.16089827,11.48918692
rural_low_comp,140,3.397,97590.9,1.22289269,11.48853953
rural_low_comp,141,3.3412,97582.7,1.20633002,11.4884555
rural_low_comp,142,3.2668,97650.5,1.18381091,11.48915006
rural_low_comp,143,3.5551,97605.3,1.26838319,11.48868707
rural_low_comp,144,3.5338,97496.9,1.26237378,11.48757586
rural_low_comp,145,3.4593,97572.6,1.24106626,11.488352
rural_low_comp,146,3.3056,97623.5,1.195618,11.48887352
rural_low_comp,147,3.3692,97604.4,1.21467533,11.48867785
rural_low_comp,148,3.1902,97706.9,1.16008361,11.48972746
rural_low_comp,149,3.1631,97749.5,1.15155256,11.49016336
rural_low_comp,150,3.0026,97893.5,1.09947858,11.49163543
rural_low_comp,151,3.1042,97856.6,1.13275603,11.49125842
rural_low_comp,152,3.0456,97815.4,1.11369793,11.49083731
rural_low_comp,153,2.9062,97923.5,1.06684639,11.49194184
rural_low_comp,154,3.0094,97753.1,1.10174072,11.49020019
rural_low_comp,155,3.0093,97815.5,1.10170749,11.49083833
rural_low_comp,156,3.1972,97757.4,1.16227543,11.49024418
interstate,1,3.3494,94224.3,1.20878123,11.45343339
interstate,2,3.4512,94022.2,1.238722,11.4512862
interstate,3,3.434,94072.7,1.23372576,11.45182317
interstate,4,3.5206,93970.8,1.25863143,11.45073937
interstate,5,3.4263,94092.1,1.23148096,11.45202937
interstate,6,3.3495,94169.7,1.20881108,11.45285375
interstate,7,3.3973,94102.1,1.222981,11.45213564
interstate,8,3.0512,94604.5,1.11553496,11.45746032
interstate,9,3.3305,94099.8,1.20312244,11.4521112
interstate,10,2.9116,94836.6,1.06870276,11.45991069
interstate,11,3.0408,94514.3,1.11212064,11.45650642
interstate,12,3.1995,94305.9,1.16299455,11.45429903
interstate,13,3.1588,94485.2,1.15019221,11.45619849
interstate,14,2.9713,94748.3,1.08899957,11.45897918
interstate,15,2.9826,94767.2,1.0927954,11.45917864
interstate,16,3.1532,94404.3,1.14841781,11.4553419
interstate,17,2.9718,94634.3,1.08916783,11.45777527
interstate,18,3.2246,94300.4,1.17080891,11.45424071
interstate,19,3.0245,94622.4,1.10674579,11.45764951
interstate,20,3.0822,94531.7,1.12564363,11.45669051
interstate,21,3.2264,94375.6,1.17136696,11.45503784
interstate,22,3.1224,94445.5,1.13860194,11.45577823
interstate,23,3.0589,94583.1,1.11805537,11.45723409
interstate,24,3.1873,94312.9,1.15917416,11.45437326
interstate,25,3.2407,94316.0,1.17578936,11.45440613
interstate,26,3.1566,94414.7,1.1494955,11.45545206
interstate,27,3.3027,94158.9,1.19474032,11.45273906
interstate,28,3.2867,94210.8,1.18988402,11.4532901
interstate,29,3.479,93946.2,1.2467449,11.45047756
interstate,30,3.3996,94049.9,1.22365778,11.45158077
interstate,31,3.368,94209.1,1.2143191,11.45327206
interstate,32,3.3747,94094.1,1.21630643,11.45205062
interstate,33,3.3858,94070.5,1.21959022,11.45179978
interstate,34,3.3938,93954.8,1.22195024,11.45056909
interstate,35,3.1952,94306.6,1.16164968,11.45430646
interstate,36,3.1485,94411.8,1.14692615,11.45542134
interstate,37,3.3101,94151.9,1.1969784,11.45266471
interstate,38,3.1176,94551.6,1.13706348,11.456901
interstate,39,2.9843,94670.5,1.09336521,11.45815772
interstate,40,3.118,94545.7,1.13719177,11.45683859
interstate,41,3.0897,94519.2,1.128074,11.45655827
interstate,42,2.8903,94833.7,1.0613603,11.45988011
interstate,43,3.0361,94593.4,1.1105738,11.45734299
interstate,44,3.082,94527.8,1.12557874,11.45664925
interstate,45,3.0589,94660.7,1.11805537,11.4580542
interstate,46,3.1029,94364.2,1.13233716,11.45491704
interstate,47,2.9468,94626.1,1.08071984,11.45768862
interstate,48,3.1412,94406.9,1.14460489,11.45536944
interstate,49,3.1238,94464.7,1.13905021,11.4559815
interstate,50,3.1519,94460.7,1.14800545,11.45593915
interstate,51,3.33,94189.2,1.2029723,11.4530608
interstate,52,3.4377,93991.0,1.23480264,11.45095431
interstate,53,3.5123,93969.3,1.25627109,11.45072341
interstate,54,3.4959,93991.9,1.25159085,11.45096389
interstate,55,3.3727,94112.9,1.21571361,11.4522504
interstate,56,3.4322,94074.6,1.23320145,11.45184336
interstate,57,3.4757,93976.4,1.2457959,11.45079897
interstate,58,3.3978,94035.9,1.22312816,11.4514319
interstate,59,3.3765,94136.6,1.21683967,11.4525022
interstate,60,3.4149,94050.2,1.22814821,11.45158396
interstate,61,3.2866,94224.3,1.1898536,11.45343339
interstate,62,3.1781,94466.0,1.15628353,11.45599526
interstate,63,3.1626,94266.9,1.15139447,11.4538854
interstate,64,3.2171,94244.8,1.16848033,11.45365093
interstate,65,3.1142,94411.2,1.1359723,11.45541499
interstate,66,3.1083,94466.8,1.13407595,11.45600373
interstate,67,3.1089,94472.0,1.13426897,11.45605877
interstate,68,2.9923,94581.7,1.09604232,11.45721929
interstate,69,3.0844,94468.0,1.12635715,11.45601643
interstate,70,3.0492,94529.3,1.11487926,11.45666512
interstate,71,2.9147,94931.6,1.0697669,11.46091191
interstate,72,3.1793,94482.8,1.15666105,11.45617309
interstate,73,3.0278,94588.1,1.10783628,11.45728695
interstate,74,2.9595,94698.8,1.08502034,11.45845661
interstate,75,3.055,94504.0,1.11677959,11.45639744
interstate,76,3.1014,94389.8,1.13185362,11.4551883
interstate,77,3.2492,94271.6,1.17840881,11.45393526
interstate,78,3.2616,94203.8,1.18221787,11.4532158
interstate,79,3.2947,94207.9,1.19231512,11.45325932
interstate,80,3.4237,93941.7,1.23072184,11.45042966
interstate,81,3.4185,93996.1,1.22920186,11.45100857
interstate,82,3.4285,94033.7,1.23212285,11.45140851
interstate,83,3.4387,94032.0,1.23509349,11.45139043
interstate,84,3.4486,94021.4,1.23796835,11.45127769
interstate,85,3.1572,94338.9,1.14968556,11.4546489
interstate,86,3.2953,94260.1,1.19249721,11.45381326
interstate,87,3.084,94479.1,1.12622746,11.45613393
interstate,88,3.2519,94310.1,1.17923944,11.45434357
interstate,89,3.2017,94347.0,1.16368192,11.45473475
interstate,90,3.257,94189.1,1.18080653,11.45305974
interstate,91,3.2268,94292.9,1.17149093,11.45416117
interstate,92,3.0955,94527.6,1.12994944,11.45664713
interstate,93,3.0016,94687.4,1.09914548,11.45833622
interstate,94,3.0705,94537.2,1.12184041,11.45674869
interstate,95,2.9678,94793.3,1.08782094,11.45945401
interstate,96,3.0146,94689.3,1.10346715,11.45835628
interstate,97,3.1155,94461.9,1.13638965,11.45595186
interstate,98,2.9941,94707.0,1.09664369,11.45854319
interstate,99,3.1488,94535.9,1.14702143,11.45673494
interstate,100,3.174,94499.7,1.15499262,11.45635194
interstate,101,3.0633,94486.7,1.11949277,11.45621436
interstate,102,3.2926,94163.3,1.19167753,11.45278579
interstate,103,3.3129,94270.7,1.19782394,11.45392571
interstate,104,3.2986,94147.3,1.19349814,11.45261586
interstate,105,3.2529,94198.0,1.17954691,11.45315423
interstate,106,3.2752,94213.1,1.18637894,11.45331452
interstate,107,3.3297,94186.6,1.20288221,11.4530332
interstate,108,3.4518,93987.7,1.23889583,11.4509192
interstate,109,3.3007,94167.3,1.19413457,11.45282827
interstate,110,3.4302,93985.0,1.23261857,11.45089047
interstate,111,3.2403,94250.8,1.17566592,11.45371459
interstate,112,3.3112,94139.4,1.19731066,11.45253194
interstate,113,3.3033,94329.4,1.19492197,11.45454819
interstate,114,3.4956,93951.0,1.25150503,11.45052865
interstate,115,3.0725,94592.5,1.12249156,11.45733347
interstate,116,3.299,94178.9,1.19361939,11.45295144
interstate,117,3.1279,94447.2,1.14036185,11.45579623
interstate,118,3.1149,94436.9,1.13619705,11.45568717
interstate,119,3.0578,94414.5,1.1176957,11.45544994
interstate,120,3.0668,94472.8,1.12063467,11.45606724
interstate,121,3.0014,94550.1,1.09907885,11.45688513
interstate,122,3.1491,94298.4,1.1471167,11.4542195
interstate,123,2.9836,94613.1,1.09313063,11.45755122
interstate,124,3.1499,94499.7,1.14737071,11.45635194
interstate,125,3.0148,94629.3,1.10353349,11.45772243
interstate,126,3.1045,94566.4,1.13285267,11.45705751
interstate,127,3.0526,94596.2,1.11599369,11.45737259
interstate,128,3.2418,94333.2,1.17612873,11.45458847
interstate,129,3.3879,94030.5,1.22021026,11.45137448
interstate,130,3.2809,94262.0,1.18811778,11.45383342
interstate,131,3.3086,94234.0,1.19652514,11.45353633
interstate,132,3.2502,94244.1,1.17871653,11.4536435
interstate,133,3.3606,94151.0,1.21211953,11.45265516
interstate,134,3.2376,94327.1,1.17483231,11.45452381
interstate,135,3.3049,94167.0,1.19540622,11.45282508
interstate,136,3.4086,93989.3,1.22630165,11.45093622
interstate,137,3.499,93863.0,1.25247721,11.44959155
interstate,138,3.6245,93769.2,1.28771635,11.44859172
interstate,139,3.235,94317.3,1.17402893,11.45441991
interstate,140,3.3913,94031.9,1.22121333,11.45138937
interstate,141,3.2257,94313.9,1.17114998,11.45438386
interstate,142,3.1422,94468.5,1.14492319,11.45602172
interstate,143,3.1545,94452.7,1.14883,11.45585446
interstate,144,3.0825,94614.8,1.12574096,11.45756919
interstate,145,3.0571,94638.4,1.11746675,11.45781859
interstate,146,2.9893,94615.1,1.09503925,11.45757236
interstate,147,2.8914,94925.6,1.06174081,11.46084871
interstate,148,2.8783,94821.1,1.05719984,11.45974724
interstate,149,3.0846,94582.8,1.12642199,11.45723092
interstate,150,3.0195,94628.3,1.10509125,11.45771186
interstate,151,3.0192,94601.5,1.1049919,11.45742861
interstate,152,3.1109,94381.0,1.13491207,11.45509506
interstate,153,3.2284,94298.7,1.17198666,11.45422268
interstate,154,3.2152,94239.6,1.16788956,11.45359575
interstate,155,3.1809,94433.2,1.15716418,11.45564799
interstate,156,3.4117,94134.0,1.2272107,11.45247458
netherlands_urban,1,3.3001,92010.4,1.19395277,11.42965689
netherlands_urban,2,3.1554,92248.0,1.14911527,11.43223588
netherlands_urban,3,3.1191,92469.6,1.1375445,11.43463522
netherlands_urban,4,3.2077,92078.4,1.16555417,11.43039567
netherlands_urban,5,3.0904,92475.7,1.12830053,11.43470119
netherlands_urban,6,3.2244,92207.2,1.17074689,11.4317935
netherlands_urban,7,2.9915,92569.0,1.09577493,11.43570959
netherlands_urban,8,3.1112,92486.0,1.1350085,11.43481256
netherlands_urban,9,3.0225,92604.9,1.1060843,11.43609734
netherlands_urban,10,3.0915,92457.3,1.12865641,11.4345022
netherlands_urban,11,2.9933,92614.0,1.09637646,11.4361956
netherlands_urban,12,3.0539,92470.6,1.11641946,11.43464604
netherlands_urban,13,3.0808,92414.3,1.1251893,11.43403701
netherlands_urban,14,3.0536,92504.9,1.11632122,11.4350169
netherlands_urban,15,3.2391,92179.7,1.17529551,11.43149521
netherlands_urban,16,3.2851,92021.4,1.18939709,11.42977644
netherlands_urban,17,3.326,91881.5,1.20177038,11.42825498
netherlands_urban,18,3.4658,91712.5,1.24294349,11.42641396
netherlands_urban,19,3.4946,91664.7,1.25121892,11.42589263
netherlands_urban,20,3.3361,91948.3,1.20480246,11.42898174
netherlands_urban,21,3.4297,91775.4,1.23247279,11.42709957
netherlands_urban,22,3.3349,91899.6,1.20444269,11.42845196
netherlands_urban,23,3.3947,91749.1,1.22221539,11.42681296
netherlands_urban,24,3.3152,91904.8,1.19851795,11.42850854
netherlands_urban,25,3.5148,91487.3,1.25698262,11.42395544
netherlands_urban,26,3.3486,91901.2,1.20854235,11.42846937
netherlands_urban,27,3.249,92078.0,1.17834726,11.43039132
netherlands_urban,28,3.3424,91875.8,1.20668911,11.42819294
netherlands_urban,29,2.9781,92481.3,1.09128551,11.43476174
netherlands_urban,30,2.9503,92637.0,1.08190686,11.43644391
netherlands_urban,31,3.1688,92305.9,1.15335297,11.43286334
netherlands_urban,32,3.066,92420.2,1.12037378,11.43410085
netherlands_urban,33,3.058,92494.0,1.11776111,11.43489906
netherlands_urban,34,2.9015,92737.2,1.06522784,11.43752497
netherlands_urban,35,3.0116,92652.9,1.1024715,11.43661553
netherlands_urban,36,3.2056,92161.3,1.16489928,11.43129558
netherlands_urban,37,3.1097,92381.6,1.13452626,11.4336831
netherlands_urban,38,3.0741,92569.0,1.12301218,11.43570959
netherlands_urban,39,3.0511,92572.8,1.11550218,11.43575064
netherlands_urban,40,3.0944,92380.4,1.12959403,11.43367011
netherlands_urban,41,2.9789,92610.8,1.0915541,11.43616104
netherlands_urban,42,3.2467,92069.2,1.1776391,11.43029575
netherlands_urban,43,3.3512,91911.3,1.20931849,11.42857926
netherlands_urban,44,3.1568,92262.5,1.14955886,11.43239305
netherlands_urban,45,3.2802,91999.2,1.1879044,11.42953516
netherlands_urban,46,3.2587,92144.5,1.18132834,11.43111328
netherlands_urban,47,3.2947,91986.3,1.19231512,11.42939493
netherlands_urban,48,3.4033,91910.7,1.22474555,11.42857273
netherlands_urban,49,3.1867,92212.5,1.1589859,11.43185098
netherlands_urban,50,3.4381,91817.0,1.23491899,11.42755274
netherlands_urban,51,3.4247,91763.4,1.23101388,11.4269688
netherlands_urban,52,3.2874,92060.1,1.19009698,11.4301969
netherlands_urban,53,3.0358,92480.9,1.11047498,11.43475742
netherlands_urban,54,3.1298,92276.6,1.1409691,11.43254587
netherlands_urban,55,3.2983,92010.9,1.19340718,11.42966233
netherlands_urban,56,2.8835,92910.2,1.05900483,11.43938871
netherlands_urban,57,3.0619,92467.9,1.11903564,11.43461684
netherlands_urban,58,2.954,92626.7,1.08316018,11.43633272
netherlands_urban,59,3.1093,92291.0,1.13439762,11.43270191
netherlands_urban,60,2.9587,92608.5,1.08474998,11.43613621
netherlands_urban,61,3.0504,92392.0,1.11527273,11.43379567
netherlands_urban,62,3.0702,92454.2,1.12174271,11.43446867
netherlands_urban,63,3.2055,92231.8,1.16486808,11.43206025
netherlands_urban,64,3.0399,92511.6,1.11182462,11.43508932
netherlands_urban,65,3.1266,92205.3,1.13994615,11.43177289
netherlands_urban,66,2.9948,92598.6,1.09687745,11.4360293
netherlands_urban,67,3.2908,91991.2,1.1911307,11.4294482
netherlands_urban,68,3.149,92400.4,1.14708494,11.43388659
netherlands_urban,69,3.2128,92074.3,1.16714283,11.43035114
netherlands_urban,70,3.3074,91946.3,1.19616238,11.42895999
netherlands_urban,71,3.1926,92289.9,1.16083563,11.43268999
netherlands_urban,72,3.3971,91820.5,1.22292213,11.42759086
netherlands_urban,73,3.4914,91650.9,1.2503028,11.42574207
netherlands_urban,74,3.4279,91744.0,1.23194783,11.42675737
netherlands_urban,75,3.2344,92129.9,1.17384344,11.43095482
netherlands_urban,76,3.3629,91903.6,1.2128037,11.42849548
netherlands_urban,77,3.4234,91701.6,1.23063421,11.42629511
netherlands_urban,78,3.1308,92370.4,1.14128856,11.43356186
netherlands_urban,79,3.1666,92172.4,1.15265846,11.43141602
netherlands_urban,80,3.3107,91979.5,1.19715965,11.42932101
netherlands_urban,81,3.2044,92181.6,1.16452487,11.43151582
netherlands_urban,82,3.1731,92201.0,1.15470903,11.43172626
netherlands_urban,83,3.2715,92036.9,1.1852486,11.42994486
netherlands_urban,84,3.1038,92343.3,1.13262717,11.43326843
netherlands_urban,85,3.0956,92335.5,1.12998175,11.43318396
netherlands_urban,86,3.2751,92011.5,1.1863484,11.42966885
netherlands_urban,87,2.9944,92548.8,1.09674388,11.43549135
netherlands_urban,88,2.9472,92731.1,1.08085557,11.43745919
netherlands_urban,89,3.0729,92378.7,1.12262174,11.43365171
netherlands_urban,90,3.099,92427.2,1.13107948,11.43417659
netherlands_urban,91,3.0431,92440.0,1.11287673,11.43431506
netherlands_urban,92,3.0357,92489.9,1.11044204,11.43485473
netherlands_urban,93,3.4032,91749.8,1.22471617,11.42682059
netherlands_urban,94,3.2534,92147.1,1.1797006,11.43114149
netherlands_urban,95,3.1963,92206.3,1.16199389,11.43178374
netherlands_urban,96,3.4018,91775.2,1.2243047,11.42709739
netherlands_urban,97,3.335,91941.9,1.20447268,11.42891213
netherlands_urban,98,3.3483,91772.6,1.20845275,11.42706906
netherlands_urban,99,3.4492,91695.6,1.23814232,11.42622967
netherlands_urban,100,3.2687,92154.0,1.18439235,11.43121637
netherlands_urban,101,3.4284,91744.1,1.23209368,11.42675846
netherlands_urban,102,3.5747,91472.6,1.27388126,11.42379475
netherlands_urban,103,3.3952,91829.5,1.22236267,11.42768888
netherlands_urban,104,3.2751,92080.5,1.1863484,11.43041847
netherlands_urban,105,3.2209,92028.2,1.16966082,11.42985033
netherlands_urban,106,3.1853,92117.3,1.15854648,11.43081804
netherlands_urban,107,3.1544,92284.9,1.1487983,11.43263581
netherlands_urban,108,3.0988,92348.6,1.13101494,11.43332583
netherlands_urban,109,3.1803,92293.1,1.15697553,11.43272466
netherlands_urban,110,2.9054,92788.4,1.06657107,11.43807691
netherlands_urban,111,3.1146,92248.2,1.13610073,11.43223805
netherlands_urban,112,2.9851,92559.8,1.09363325,11.4356102
netherlands_urban,113,3.0479,92342.9,1.11445283,11.4332641
netherlands_urban,114,2.9182,92764.3,1.07096699,11.43781715
netherlands_urban,115,3.1571,92257.3,1.14965388,11.43233669
netherlands_urban,116,3.1749,92207.9,1.15527614,11.43180109
netherlands_urban,117,3.1818,92277.1,1.15744707,11.43255129
netherlands_urban,118,2.9921,92681.7,1.09597548,11.43692632
netherlands_urban,119,3.2554,92060.5,1.18031516,11.43020125
netherlands_urban,120,3.261,91941.0,1.1820339,11.42890235
netherlands_urban,121,3.1137,92391.4,1.13581173,11.43378918
netherlands_urban,122,3.3072,91998.9,1.19610191,11.4295319
netherlands_urban,123,3.3827,91840.1,1.21867421,11.4278043
netherlands_urban,124,3.4306,91786.7,1.23273517,11.42722269
netherlands_urban,125,3.4096,91708.0,1.22659498,11.4263649
netherlands_urban,126,3.4277,91848.7,1.23188948,11.42789794
netherlands_urban,127,3.5457,91468.4,1.2657356,11.42374884
netherlands_urban,128,3.5018,91642.1,1.25327712,11.42564605
netherlands_urban,129,3.0721,92350.6,1.12236137,11.43334748
netherlands_urban,130,3.2809,91968.3,1.18811778,11.42919923
netherlands_urban,131,3.2542,92156.1,1.17994647,11.43123916
netherlands_urban,132,3.0597,92455.9,1.11831687,11.43448705
netherlands_urban,133,3.1875,92252.3,1.15923691,11.43228249
netherlands_urban,134,3.2537,92086.4,1.17979281,11.43048255
netherlands_urban,135,2.9948,92603.4,1.09687745,11.43608114
netherlands_urban,136,3.0915,92479.1,1.12865641,11.43473795
netherlands_urban,137,2.9529,92687.4,1.08278774,11.43698782
netherlands_urban,138,2.959,92588.2,1.08485137,11.43591698
netherlands_urban,139,3.1502,92237.4,1.14746594,11.43212097
netherlands_urban,140,2.9698,92694.2,1.08849461,11.43706118
netherlands_urban,141,3.0761,92457.7,1.12366256,11.43450652
netherlands_urban,142,2.8915,92749.8,1.0617754,11.43766082
netherlands_urban,143,3.2692,92002.7,1.18454531,11.4295732
netherlands_urban,144,3.1883,92172.1,1.15948786,11.43141276
netherlands_urban,145,3.1581,92245.5,1.14997058,11.43220878
netherlands_urban,146,3.2778,91949.8,1.18717247,11.42899805
netherlands_urban,147,3.132,92284.5,1.14167178,11.43263148
netherlands_urban,148,3.4291,91695.4,1.23229784,11.42622749
netherlands_urban,149,3.3135,91998.5,1.19800503,11.42952755
netherlands_urban,150,3.3532,91923.9,1.20991511,11.42871634
netherlands_urban,151,3.3419,91893.0,1.20653951,11.42838014
netherlands_urban,152,3.3392,91884.6,1.20573126,11.42828872
netherlands_urban,153,3.4638,91678.6,1.24236625,11.42604426
netherlands_urban,154,3.4014,91742.6,1.22418711,11.42674211
netherlands_urban,155,3.4142,91700.3,1.2279432,11.42628093
netherlands_urban,156,3.3114,91908.2,1.19737106,11.42854553
belgium_mixed,1,3.2806,94195.4,1.18802633,11.45312663
belgium_mixed,2,3.4035,94168.3,1.22480431,11.45283889
belgium_mixed,3,3.4403,94072.8,1.23555868,11.45182423
belgium_mixed,4,3.1799,94385.4,1.15684975,11.45514168
belgium_mixed,5,3.2989,94153.5,1.19358908,11.45268171
belgium_mixed,6,3.2314,94274.1,1.17291548,11.45396178
belgium_mixed,7,3.2396,94296.3,1.17544987,11.45419723
belgium_mixed,8,3.1595,94412.4,1.15041379,11.4554277
belgium_mixed,9,2.9847,94674.1,1.09349924,11.45819575
belgium_mixed,10,2.9655,94708.1,1.08704565,11.45855481
belgium_mixed,11,3.0522,94561.3,1.11586264,11.45700358
belgium_mixed,12,3.1226,94384.0,1.13866599,11.45512685
belgium_mixed,13,2.822,94915.6,1.03744585,11.46074335
belgium_mixed,14,3.0457,94635.5,1.11373076,11.45778795
belgium_mixed,15,3.1332,94372.2,1.14205485,11.45500182
belgium_mixed,16,3.0284,94599.7,1.10803443,11.45740958
belgium_mixed,17,3.1216,94420.8,1.13834569,11.45551667
belgium_mixed,18,3.0415,94596.4,1.11235081,11.4573747
belgium_mixed,19,3.1368,94422.3,1.14320317,11.45553255
belgium_mixed,20,3.0418,94673.5,1.11244945,11.45818941
belgium_mixed,21,3.0197,94652.9,1.10515749,11.4579718
belgium_mixed,22,3.3786,94020.2,1.21746142,11.45126493
belgium_mixed,23,3.2279,94347.2,1.17183177,11.45473687
belgium_mixed,24,3.3124,94143.6,1.197673,11.45257656
belgium_mixed,25,3.2443,94252.7,1.17689961,11.45373475
belgium_mixed,26,3.2548,94287.8,1.18013083,11.45410709
belgium_mixed,27,3.3794,94065.4,1.21769818,11.45174556
belgium_mixed,28,3.3137,94236.0,1.19806539,11.45355755
belgium_mixed,29,3.4042,94015.1,1.22500996,11.45121069
belgium_mixed,30,3.3805,94056.7,1.21802363,11.45165307
belgium_mixed,31,3.3283,94127.8,1.20246166,11.45240871
belgium_mixed,32,3.2761,94207.3,1.18665369,11.45325295
belgium_mixed,33,3.362,94179.5,1.21253603,11.45295781
belgium_mixed,34,3.0611,94595.4,1.11877433,11.45736413
belgium_mixed,35,3.1126,94577.8,1.13545839,11.45717806
belgium_mixed,36,3.1865,94498.6,1.15892314,11.4563403
belgium_mixed,37,3.1674,94340.1,1.15291106,11.45466162
belgium_mixed,38,2.9013,94817.5,1.06515891,11.45970927
belgium_mixed,39,2.9877,94607.7,1.09450386,11.45749415
belgium_mixed,40,3.1397,94395.9,1.14412725,11.45525292
belgium_mixed,41,3.0697,94510.7,1.12157984,11.45646833
belgium_mixed,42,3.0602,94501.1,1.11848027,11.45636675
belgium_mixed,43,3.0505,94516.4,1.11530551,11.45652864
belgium_mixed,44,3.0708,94536.6,1.12193811,11.45674234
belgium_mixed,45,3.1754,94317.7,1.15543361,11.45442415
belgium_mixed,46,3.1693,94443.3,1.15351074,11.45575493
belgium_mixed,47,3.2356,94246.0,1.17421438,11.45366366
belgium_mixed,48,3.2922,94375.2,1.19155603,11.45503361
belgium_mixed,49,3.2577,94240.3,1.18102142,11.45360318
belgium_mixed,50,3.412,94052.1,1.22729863,11.45160416
belgium_mixed,51,3.6911,93606.2,1.30592452,11.4468519
belgium_mixed,52,3.2192,94418.5,1.16913288,11.45549231
belgium_mixed,53,3.4303,94086.0,1.23264772,11.45196454
belgium_mixed,54,3.3106,94206.8,1.19712944,11.45324764
belgium_mixed,55,3.4246,93954.7,1.23098468,11.45056803
belgium_mixed,56,3.3396,94160.8,1.20585104,11.45275924
belgium_mixed,57,3.3727,94039.2,1.21571361,11.451467
belgium_mixed,58,3.3695,94189.6,1.21476437,11.45306505
belgium_mixed,59,3.2252,94358.9,1.17099496,11.45486088
belgium_mixed,60,3.2699,94253.6,1.1847594,11.4537443
belgium_mixed,61,2.906,94667.4,1.06677757,11.45812497
belgium_mixed,62,3.2305,94249.8,1.17263692,11.45370398
belgium_mixed,63,3.084,94563.5,1.12622746,11.45702685
belgium_mixed,64,3.1272,94527.5,1.14013804,11.45664608
belgium_mixed,65,2.9074,94866.7,1.06725921,11.46022803
belgium_mixed,66,2.9401,94660.1,1.07844359,11.45804786
belgium_mixed,67,3.0366,94614.8,1.11073847,11.45756919
belgium_mixed,68,3.0408,94648.8,1.11212064,11.45792848
belgium_mixed,69,3.0967,94411.1,1.13033703,11.45541393
belgium_mixed,70,3.2091,94336.3,1.16599052,11.45462134
belgium_mixed,71,2.9857,94693.3,1.09383423,11.45839853
belgium_mixed,72,3.2881,94205.1,1.19030989,11.4532296
belgium_mixed,73,3.2406,94185.9,1.1757585,11.45302577
belgium_mixed,74,3.2644,94237.8,1.18307598,11.45357665
belgium_mixed,75,3.1811,94359.5,1.15722705,11.45486723
belgium_mixed,76,3.409,94043.8,1.22641899,11.45151591
belgium_mixed,77,3.1458,94398.8,1.14606823,11.45528364
belgium_mixed,78,3.4621,93954.5,1.24187534,11.4505659
belgium_mixed,79,3.2484,94277.1,1.17816257,11.4539936
belgium_mixed,80,3.3925,94099.9,1.22156711,11.45211226
belgium_mixed,81,3.3538,94111.7,1.21009403,11.45223765
belgium_mixed,82,3.454,93967.4,1.23953298,11.45070319
belgium_mixed,83,3.2788,94240.7,1.1874775,11.45360743
belgium_mixed,84,3.1857,94262.6,1.15867205,11.45383978
belgium_mixed,85,3.1582,94439.2,1.15000225,11.45571152
belgium_mixed,86,3.2838,94228.2,1.18900129,11.45347478
belgium_mixed,87,3.1683,94399.4,1.15319517,11.45529
belgium_mixed,88,3.0446,94639.8,1.11336953,11.45783339
belgium_mixed,89,3.0279,94500.5,1.10786931,11.4563604
belgium_mixed,90,2.8887,94721.9,1.06080657,11.45870051
belgium_mixed,91,3.0512,94590.6,1.11553496,11.45731338
belgium_mixed,92,2.8593,94882.3,1.05057684,11.46039246
belgium_mixed,93,3.0923,94521.4,1.12891515,11.45658154
belgium_mixed,94,3.0541,94544.3,1.11648495,11.45682379
belgium_mixed,95,3.2984,94244.9,1.1934375,11.45365199
belgium_mixed,96,3.0055,94699.4,1.10044394,11.45846294
belgium_mixed,97,3.1384,94469.3,1.14371312,11.45603019
belgium_mixed,98,3.3704,94091.0,1.21503143,11.45201768
belgium_mixed,99,3.3576,94004.7,1.21122643,11.45110006
belgium_mixed,100,3.2165,94369.4,1.16829381,11.45497215
belgium_mixed,101,3.3471,94207.4,1.2080943,11.45325401
belgium_mixed,102,3.3581,94159.3,1.21137534,11.45274331
belgium_mixed,103,3.4108,94000.0,1.22694687,11.45105006
belgium_mixed,104,3.325,94207.6,1.20146967,11.45325614
belgium_mixed,105,3.388,94129.8,1.22023978,11.45242996
belgium_mixed,106,3.2285,94396.6,1.17201763,11.45526033
belgium_mixed,107,3.3795,94043.6,1.21772777,11.45151378
belgium_mixed,108,3.3803,94079.1,1.21796446,11.4518912
belgium_mixed,109,3.274,94284.6,1.18601248,11.45407315
belgium_mixed,110,3.0989,94505.0,1.13104721,11.45640802
belgium_mixed,111,3.3031,94137.5,1.19486142,11.45251176
belgium_mixed,112,3.1955,94380.2,1.16174357,11.45508658
belgium_mixed,113,3.0506,94608.8,1.11533829,11.45750577
belgium_mixed,114,3.0542,94575.4,1.11651769,11.45715268
belgium_mixed,115,2.9152,94803.4,1.06993843,11.45956055
belgium_mixed,116,2.936,94742.5,1.07704811,11.45891796
belgium_mixed,117,2.9676,94790.5,1.08775355,11.45942447
belgium_mixed,118,3.1275,94407.3,1.14023396,11.45537368
belgium_mixed,119,2.9659,94675.8,1.08718053,11.4582137
belgium_mixed,120,3.1013,94498.7,1.13182138,11.45634136
belgium_mixed,121,3.0213,94671.5,1.1056872,11.45816828
belgium_mixed,122,3.1296,94370.3,1.1409052,11.45498168
belgium_mixed,123,3.1348,94373.1,1.14256538,11.45501135
belgium_mixed,124,3.2782,94121.2,1.18729449,11.45233859
belgium_mixed,125,3.1882,94369.4,1.15945649,11.45497215
belgium_mixed,126,3.1331,94386.5,1.14202293,11.45515333
belgium_mixed,127,3.1897,94343.6,1.15992687,11.45469872
belgium_mixed,128,3.3048,94235.6,1.19537596,11.45355331
belgium_mixed,129,3.2577,94229.6,1.18102142,11.45348964
belgium_mixed,130,3.4375,94026.0,1.23474446,11.45132662
belgium_mixed,131,3.35,94117.4,1.20896035,11.45229822
belgium_mixed,132,3.6371,93785.9,1.29118666,11.4487698
belgium_mixed,133,3.1949,94384.6,1.16155579,11.4551332
belgium_mixed,134,3.3554,94087.6,1.21057099,11.45198154
belgium_mixed,135,3.1868,94360.1,1.15901728,11.45487359
belgium_mixed,136,3.205,94401.9,1.16471209,11.45531648
belgium_mixed,137,3.2202,94342.7,1.16944347,11.45468918
belgium_mixed,138,2.9477,94659.0,1.08102521,11.45803624
belgium_mixed,139,3.14,94476.6,1.1442228,11.45610746
belgium_mixed,140,3.2609,94199.9,1.18200323,11.4531744
belgium_mixed,141,3.0083,94722.3,1.10137514,11.45870473
belgium_mixed,142,3.0514,94632.8,1.1156005,11.45775942
belgium_mixed,143,3.11,94501.2,1.13462273,11.45636781
belgium_mixed,144,2.9995,94664.8,1.09844561,11.45809751
belgium_mixed,145,2.9711,94689.0,1.08893225,11.45835312
belgium_mixed,146,2.8416,94950.8,1.04436727,11.46111414
belgium_mixed,147,3.1301,94433.4,1.14106495,11.4556501
belgium_mixed,148,3.0959,94519.6,1.13007866,11.4565625
belgium_mixed,149,3.0539,94620.3,1.11641946,11.45762732
belgium_mixed,150,3.2056,94310.1,1.16489928,11.45434357
belgium_mixed,151,3.1835,94339.6,1.15798122,11.45465632
belgium_mixed,152,3.2328,94234.5,1.17334863,11.45354164
belgium_mixed,153,3.3857,94024.3,1.21956068,11.45130854
belgium_mixed,154,3.2258,94208.8,1.17118098,11.45326887
belgium_mixed,155,3.49,93982.9,1.24990174,11.45086813
belgium_mixed,156,3.256,94370.7,1.18049945,11.45498592
germany_border,1,3.2037,85991.8,1.16430639,11.36200722
germany_border,2,3.4057,85249.7,1.2254505,11.35333988
germany_border,3,3.437,85222.9,1.234599,11.35302546
germany_border,4,3.2053,85897.0,1.16480569,11.36090418
germany_border,5,3.213,85936.6,1.16720508,11.36136509
germany_border,6,2.9729,86841.4,1.08953791,11.37183875
germany_border,7,3.1398,86213.4,1.1441591,11.3645809
germany_border,8,2.9809,86862.9,1.09222527,11.37208629
germany_border,9,3.0659,86406.9,1.12034116,11.36682281
germany_border,10,2.8881,87048.4,1.06059885,11.37421956
germany_border,11,3.0649,86398.6,1.12001494,11.36672675
germany_border,12,3.1087,86325.1,1.13420463,11.36587568
germany_border,13,2.9541,86890.9,1.08319404,11.37240859
germany_border,14,2.942,86916.7,1.07908962,11.37270547
germany_border,15,2.8804,87092.1,1.05792917,11.37472146
germany_border,16,3.0845,86418.3,1.12638957,11.36695474
germany_border,17,3.0968,86270.5,1.13036932,11.36524299
germany_border,18,3.0514,86560.0,1.1156005,11.36859309
germany_border,19,3.2874,85813.1,1.19009698,11.35992695
germany_border,20,3.2434,85835.2,1.17662216,11.36018446
germany_border,21,3.2217,85921.3,1.16990917,11.36118704
germany_border,22,3.3046,85582.7,1.19531544,11.35723844
germany_border,23,3.4939,84898.1,1.25101859,11.34920699
germany_border,24,3.4579,85074.1,1.24066147,11.35127792
germany_border,25,3.3836,85289.6,1.21894023,11.3538078
germany_border,26,3.4493,85058.5,1.23817131,11.35109453
germany_border,27,3.2488,85886.5,1.1782857,11.36078194
germany_border,28,3.3356,85518.2,1.20465257,11.3564845
germany_border,29,3.308,85616.1,1.19634378,11.35762863
germany_border,30,3.204,85936.9,1.16440003,11.36136859
germany_border,31,3.2454,85800.6,1.17723861,11.35978128
germany_border,32,3.0844,86428.9,1.12635715,11.36707739
germany_border,33,3.1628,86095.9,1.15145771,11.36321707
germany_border,34,3.1289,86245.7,1.14068151,11.36495548
germany_border,35,2.7922,87493.5,1.02682982,11.37931978
germany_border,36,3.1366,86173.0,1.14313941,11.36411218
germany_border,37,2.7519,87595.4,1.01229158,11.38048376
germany_border,38,2.9594,86741.7,1.08498655,11.37069002
germany_border,39,3.1188,86240.9,1.13744831,11.36489982
germany_border,40,3.0152,86637.0,1.10366616,11.36948226
germany_border,41,2.9406,86849.7,1.07861364,11.37193432
germany_border,42,3.0089,86655.9,1.10157456,11.36970038
germany_border,43,3.2499,85796.8,1.17862423,11.35973699
germany_border,44,3.0177,86512.8,1.10449495,11.36804766
germany_border,45,3.3548,85393.5,1.21039216,11.35502526
germany_border,46,3.2821,85705.0,1.18848346,11.35866645
germany_border,47,3.2104,85950.5,1.16639554,11.36152683
germany_border,48,3.3017,85558.6,1.19443749,11.3569568
germany_border,49,3.2817,85693.6,1.18836158,11.35853342
germany_border,50,3.4854,85069.4,1.24858282,11.35122267
germany_border,51,3.4722,85098.9,1.2447884,11.35156939
germany_border,52,3.2157,85907.2,1.16804506,11.36102292
germany_border,53,3.3234,85520.9,1.20098836,11.35651607
germany_border,54,3.2472,85770.9,1.17779309,11.35943507
germany_border,55,3.4237,85238.8,1.23072184,11.35321201
germany_border,56,3.1205,86258.5,1.13799325,11.36510388
germany_border,57,3.3612,85451.5,1.21229805,11.35570424
germany_border,58,3.1544,86134.1,1.1487983,11.36366066
germany_border,59,3.0081,86703.2,1.10130865,11.37024607
germany_border,60,3.0156,86637.5,1.10379882,11.36948803
germany_border,61,2.9752,86825.5,1.09031126,11.37165564
germany_border,62,2.913,87068.8,1.06918348,11.37445389
germany_border,63,3.024,86559.5,1.10658046,11.36858732
germany_border,64,2.9056,86957.7,1.06663991,11.37317707
germany_border,65,2.8329,87420.3,1.04130092,11.3784828
germany_border,66,3.0096,86668.4,1.10180718,11.36984462
germany_border,67,2.9111,86941.2,1.06853102,11.37298731
germany_border,68,3.0398,86505.6,1.11179172,11.36796443
germany_border,69,3.0665,86484.4,1.12053685,11.36771933
germany_border,70,3.1143,86256.2,1.13600441,11.36507722
germany_border,71,3.4437,85124.2,1.23654647,11.35186665
germany_border,72,3.2931,85718.9,1.19182937,11.35882862
germany_border,73,3.3519,85396.3,1.20952735,11.35505805
germany_border,74,3.1856,85976.0,1.15864065,11.36182347
germany_border,75,3.3177,85574.9,1.19927177,11.35714729
germany_border,76,3.418,85253.3,1.22905558,11.3533821
germany_border,77,3.294,85669.3,1.19210263,11.35824981
germany_border,78,3.4794,85082.8,1.24685987,11.35138018
germany_border,79,3.2447,85822.1,1.1770229,11.36003183
germany_border,80,3.3039,85635.5,1.19510359,11.3578552
germany_border,81,3.236,85828.5,1.174338,11.3601064
germany_border,82,3.2655,85743.8,1.18341289,11.35911906
germany_border,83,3.1423,86175.9,1.14495502,11.36414584
germany_border,84,3.1319,86218.6,1.14163985,11.36464121
germany_border,85,3.0928,86388.4,1.12907683,11.36660869
germany_border,86,3.0105,86680.5,1.10210618,11.36998422
germany_border,87,3.0923,86352.5,1.12891515,11.36619304
germany_border,88,3.0483,86469.2,1.11458406,11.36754356
germany_border,89,3.0074,86666.8,1.10107592,11.36982616
germany_border,90,2.9759,86780.5,1.09054651,11.37113722
germany_border,91,3.0975,86341.4,1.13059533,11.36606448
germany_border,92,3.0226,86721.2,1.10611739,11.37045365
germany_border,93,3.0447,86497.3,1.11340237,11.36786848
germany_border,94,3.119,86275.6,1.13751244,11.3653021
germany_border,95,3.3158,85625.3,1.19869892,11.35773608
germany_border,96,3.0708,86433.6,1.12193811,11.36713177
germany_border,97,3.3188,85680.4,1.19960327,11.35837937
germany_border,98,3.106,86281.0,1.13333572,11.36536469
germany_border,99,3.3491,85475.9,1.20869165,11.35598974
germany_border,100,3.5226,84859.3,1.25919935,11.34874987
germany_border,101,3.4334,85165.6,1.23355102,11.35235288
germany_border,102,3.4134,85261.0,1.22770886,11.35347242
germany_border,103,3.3401,85532.6,1.20600075,11.35665287
germany_border,104,3.389,85344.2,1.22053489,11.35444777
germany_border,105,3.3386,85558.8,1.20555156,11.35695914
germany_border,106,3.2547,85772.7,1.18010011,11.35945605
germany_border,107,3.2649,85725.6,1.18322913,11.35890678
germany_border,108,3.2689,85868.2,1.18445354,11.36056884
germany_border,109,3.1304,86233.2,1.14116079,11.36481053
germany_border,110,3.082,86350.4,1.12557874,11.36616872
germany_border,111,2.9903,86691.4,1.09537372,11.37010997
germany_border,112,3.1138,86223.7,1.13584385,11.36470036
germany_border,113,3.0979,86378.4,1.13072446,11.36649292
germany_border,114,3.0476,86494.9,1.1143544,11.36784073
germany_border,115,3.1039,86314.8,1.13265939,11.36575636
germany_border,116,3.0226,86603.2,1.10611739,11.36909205
germany_border,117,3.0601,86505.8,1.1184476,11.36796674
germany_border,118,3.072,86380.3,1.12232882,11.36651492
germany_border,119,3.0644,86396.2,1.11985179,11.36669897
germany_border,120,3.0601,86479.4,1.1184476,11.36766151
germany_border,121,3.3677,85428.6,1.21423002,11.35543622
germany_border,122,3.1537,86147.0,1.14857637,11.36381042
germany_border,123,3.1789,85998.9,1.15653523,11.36208978
germany_border,124,3.3306,85555.6,1.20315247,11.35692174
germany_border,125,3.3526,85409.6,1.20973616,11.35521379
germany_border,126,3.2214,85865.4,1.16981605,11.36053623
germany_border,127,3.4993,84925.2,1.25256295,11.34952615
germany_border,128,3.3864,85403.0,1.21976741,11.35513651
germany_border,129,3.2854,85705.5,1.18948841,11.35867228
germany_border,130,3.5088,84974.2,1.2552741,11.35010296
germany_border,131,3.4276,85266.1,1.23186031,11.35353223
germany_border,132,3.2084,86082.6,1.16577237,11.36306258
germany_border,133,3.4738,84966.9,1.2452491,11.35001705
germany_border,134,3.3143,85537.5,1.19824644,11.35671016
germany_border,135,3.2023,85926.9,1.1638693,11.36125221
germany_border,136,3.3118,85540.1,1.19749185,11.35674055
germany_border,137,3.1297,86159.6,1.14093715,11.36395667
germany_border,138,3.0749,86398.0,1.12327238,11.36671981
germany_border,139,2.9878,86673.7,1.09453733,11.36990577
germany_border,140,3.0798,86413.1,1.12486466,11.36689456
germany_border,141,3.0588,86475.3,1.11802268,11.3676141
germany_border,142,3.0159,86656.5,1.10389829,11.36970731
germany_border,143,2.9535,86893.7,1.08299091,11.37244081
germany_border,144,3.056,86514.2,1.11710687,11.36806384
germany_border,145,3.0664,86425.3,1.12050424,11.36703574
germany_border,146,2.9873,86849.3,1.09436997,11.37192971
germany_border,147,3.0152,86646.3,1.10366616,11.36958959
germany_border,148,3.2514,85693.0,1.17908567,11.35852642
germany_border,149,2.9996,86640.4,1.09847895,11.3695215
germany_border,150,3.3078,85507.9,1.19628332,11.35636405
germany_border,151,3.28,85692.1,1.18784342,11.35851592
germany_border,152,3.4945,84982.2,1.2511903,11.3501971
germany_border,153,3.3337,85486.5,1.2040828,11.35611375
germany_border,154,3.4638,85188.7,1.24236625,11.35262407
germany_border,155,3.3566,85462.6,1.21092856,11.35583413
germany_border,156,3.3974,85337.5,1.22301043,11.35436926
