week,price,volume,ln_price,ln_volume
1,3.1199,91265.4,1.13780095,11.42152702
2,3.0338,91515.5,1.10981596,11.42426364
3,2.954,91726.7,1.08316018,11.42656878
4,2.9778,91631.0,1.09118477,11.42552492
5,2.9253,91759.9,1.07339704,11.42693066
6,3.0246,91565.0,1.10677885,11.42480438
7,3.1593,91236.4,1.15035048,11.42120922
8,3.0152,91492.5,1.10366616,11.42401228
9,3.0365,91493.3,1.11070554,11.42402102
10,3.1799,91162.5,1.15684975,11.42039891
11,3.2121,91029.5,1.16692493,11.41893891
12,3.2344,91050.9,1.17384344,11.41917397
13,3.1797,91114.1,1.15678685,11.41986785
14,3.3088,90924.2,1.19658559,11.41778147
15,3.4182,90645.5,1.2291141,11.41471157
16,3.2417,91025.2,1.17609788,11.41889167
17,3.3459,90758.0,1.20773572,11.4159519
18,3.2095,91086.5,1.16611516,11.41956488
19,3.263,90863.6,1.18264702,11.41711476
20,3.1928,91069.2,1.16089827,11.41937494
21,3.3228,90860.3,1.2008078,11.41707844
22,3.1867,91028.6,1.1589859,11.41892902
23,3.2946,90948.7,1.19228476,11.41805089
24,3.2375,90934.4,1.17480143,11.41789365
25,3.1583,91251.7,1.15003391,11.4213769
26,2.904,91778.3,1.0660891,11.42713117
27,3.0425,91526.0,1.11267955,11.42437836
28,3.0544,91461.9,1.11658317,11.42367777
29,3.0444,91394.4,1.11330384,11.42293949
30,2.8833,91946.3,1.05893547,11.42895999
31,2.9708,91737.3,1.08883128,11.42668434
32,2.9318,91751.3,1.07561657,11.42683693
33,2.9621,91664.4,1.08589848,11.42588936
34,3.159,91199.9,1.15025552,11.42080908
35,3.0195,91485.3,1.10509125,11.42393358
36,3.1304,91335.2,1.14116079,11.42229153
37,3.2633,90942.3,1.18273895,11.41798052
38,3.1682,91184.6,1.1531636,11.4206413
39,3.2588,90938.7,1.18135903,11.41794093
40,3.3227,90806.6,1.20077771,11.41648725
41,3.354,90703.1,1.21015366,11.41534681
42,3.2533,91062.9,1.17966987,11.41930576
43,3.3999,90665.6,1.22374602,11.41493329
44,3.5392,90435.6,1.26390071,11.41239327
45,3.2379,91029.6,1.17492497,11.41894001
46,3.4623,90504.4,1.24193311,11.41315375
47,3.3583,90745.5,1.21143489,11.41581416
48,3.2471,90977.6,1.17776229,11.4183686
49,3.47,90526.5,1.24415459,11.4133979
50,3.2968,90877.2,1.1929523,11.41726442
51,3.0638,91415.7,1.11965598,11.42317252
52,3.1388,91180.0,1.14384056,11.42059085
53,3.146,91194.6,1.1461318,11.42075096
54,3.0416,91576.2,1.11238369,11.42492669
55,3.0968,91317.1,1.13036932,11.42209334
56,3.0127,91497.4,1.10283669,11.42406584
57,3.0746,91425.0,1.12317481,11.42327424
58,3.1523,91301.2,1.14813235,11.42191921
59,2.9739,91570.4,1.08987422,11.42486335
60,3.0788,91385.0,1.12453991,11.42283663
61,3.0508,91428.6,1.11540385,11.42331362
62,3.1455,91143.6,1.14597286,11.42019156
63,3.0667,91465.6,1.12060206,11.42371822
64,3.1686,91185.2,1.15328985,11.42064788
65,3.2505,91004.4,1.17880883,11.41866314
66,3.4022,90628.2,1.22442228,11.4145207
67,3.4646,90562.1,1.24259719,11.41379108
68,3.2437,90986.3,1.17671465,11.41846422
69,3.3123,90855.7,1.19764281,11.41702781
70,3.4645,90477.4,1.24256832,11.41285537
71,3.1949,91059.8,1.16155579,11.41927171
72,3.3276,90902.9,1.20225132,11.41754718
73,3.3366,90782.8,1.20495232,11.41622512
74,3.4374,90610.3,1.23471537,11.41432317
75,3.3362,90809.4,1.20483243,11.41651808
76,3.1908,91111.5,1.16027167,11.41983931
77,3.1411,91222.3,1.14457306,11.42105466
78,3.1084,91361.1,1.13410812,11.42257507
79,3.2366,91015.3,1.1745234,11.4187829
80,3.0199,91529.5,1.10522372,11.4244166
81,3.0065,91571.6,1.10077661,11.42487646
82,3.0508,91527.9,1.11540385,11.42439912
83,3.0027,91617.1,1.09951188,11.42537321
84,3.0013,91604.1,1.09904553,11.42523131
85,2.9351,91715.6,1.07674152,11.42644776
86,3.059,91367.9,1.11808807,11.42264949
87,3.0526,91511.1,1.11599369,11.42421556
88,3.245,91065.7,1.17711535,11.4193365
89,3.2407,91014.8,1.17578936,11.41877741
90,3.2218,91094.7,1.16994021,11.4196549
91,3.3359,90854.5,1.20474251,11.4170146
92,3.2781,90984.4,1.18726399,11.41844334
93,3.455,90607.5,1.23982246,11.41429227
94,3.3745,90703.6,1.21624717,11.41535233
95,3.4521,90645.9,1.23898274,11.41471599
96,3.2688,90891.7,1.18442295,11.41742397
97,3.4272,90662.9,1.2317436,11.41490351
98,3.2075,91124.5,1.16549182,11.41998198
99,3.1481,91281.7,1.1467991,11.42170561
100,3.2801,91037.2,1.18787391,11.41902349
101,3.1809,91239.5,1.15716418,11.4212432
102,3.2382,90965.6,1.17501762,11.41823669
103,3.3973,90587.7,1.222981,11.41407372
104,3.0546,91499.0,1.11664865,11.42408332
