team,consequence_key,expected_target_value
disciplined,week3_window1_nwe_crack_shift,0.45
disciplined,week4_cohort_state,disciplined
disciplined,week4_capital_envelope_musd,1520.0
disciplined,week4_tp_delacroix_cover,1
disciplined,week4_whitaker_standing,cooperative
disciplined,week5_hedge_coverage,0.7
disciplined,week6_cancellable_capex_musd,192.0
disciplined,week6_window2_crack_shift,-1.5
disciplined,week7_window3_nonfuel_shift,0.025
disciplined,week8_cash_cushion_musd,228.6
disciplined,week10_binding_count,2
disciplined,week1_delacroix_initial_standing,cooperative
harvester,week3_window1_nwe_crack_shift,0.45
harvester,week4_cohort_state,disciplined
harvester,week4_capital_envelope_musd,1520.0
harvester,week4_tp_delacroix_cover,1
harvester,week4_whitaker_standing,guarded
harvester,week5_hedge_coverage,0.45
harvester,week6_cancellable_capex_musd,456.0
harvester,week6_window2_crack_shift,-1.5
harvester,week7_window3_nonfuel_shift,0.025
harvester,week8_cash_cushion_musd,427.5
harvester,week10_binding_count,3
harvester,week1_delacroix_initial_standing,guarded
ambitious,week3_window1_nwe_crack_shift,0.45
ambitious,week4_cohort_state,disciplined
ambitious,week4_capital_envelope_musd,1520.0
ambitious,week4_tp_delacroix_cover,1
ambitious,week4_whitaker_standing,cooperative
ambitious,week5_hedge_coverage,0.7
ambitious,week6_cancellable_capex_musd,456.0
ambitious,week6_window2_crack_shift,-1.5
ambitious,week7_window3_nonfuel_shift,0.025
ambitious,week8_cash_cushion_musd,252.0
ambitious,week10_binding_count,1
ambitious,week1_delacroix_initial_standing,guarded
steady,week3_window1_nwe_crack_shift,0.45
steady,week4_cohort_state,disciplined
steady,week4_capital_envelope_musd,1520.0
steady,week4_tp_delacroix_cover,1
steady,week4_whitaker_standing,cooperative
steady,week5_hedge_coverage,0.7
steady,week6_cancellable_capex_musd,456.0
steady,week6_window2_crack_shift,-1.5
steady,week7_window3_nonfuel_shift,0.025
steady,week8_cash_cushion_musd,301.6
steady,week10_binding_count,1
steady,week1_delacroix_initial_standing,cooperative
