team,week,decision_key,value
disciplined,1,first_meeting,delacroix
disciplined,3,run_rotterdam,1
disciplined,4,transfer_price_basis,marginal
disciplined,6,fund_br,1
disciplined,6,fund_rot,0
disciplined,6,fund_helix,1
disciplined,7,retail_match,0
disciplined,7,capacity_match,0
disciplined,8,ebitda_effect_musd,600.0
disciplined,9,rebrand_cost_musd,194.0
disciplined,10,straits_pacific_standing,cooperative
harvester,1,first_meeting,vestergaard
harvester,3,run_rotterdam,1
harvester,4,transfer_price_basis,lazy
harvester,6,fund_br,0
harvester,6,fund_rot,0
harvester,6,fund_helix,0
harvester,7,retail_match,1
harvester,7,capacity_match,1
harvester,8,ebitda_effect_musd,950.0
harvester,9,rebrand_cost_musd,0.0
harvester,10,straits_pacific_standing,strained
ambitious,1,first_meeting,vestergaard
ambitious,3,run_rotterdam,1
ambitious,4,transfer_price_basis,marginal
ambitious,6,fund_br,1
ambitious,6,fund_rot,1
ambitious,6,fund_helix,0
ambitious,7,retail_match,0
ambitious,7,capacity_match,1
ambitious,8,ebitda_effect_musd,800.0
ambitious,9,rebrand_cost_musd,340.0
ambitious,10,straits_pacific_standing,cooperative
steady,1,first_meeting,delacroix
steady,3,run_rotterdam,0
steady,4,transfer_price_basis,marginal
steady,6,fund_br,1
steady,6,fund_rot,1
steady,6,fund_helix,0
steady,7,retail_match,0
steady,7,capacity_match,0
steady,8,ebitda_effect_musd,700.0
steady,9,rebrand_cost_musd,194.0
steady,10,straits_pacific_standing,watchful
