team,week,input_key,value
disciplined,2,i2_retail_volume_change_pct,0.1
disciplined,3,i3_rotterdam_idled,0.0
disciplined,4,i4_geneva_leak_per_chain_bbl,0.0
disciplined,5,i5_fx_ebitda_effect_musd,10.5
disciplined,5,i5_nwe_crack_shift,0.45
disciplined,5,i5_rotterdam_window1_ebitda_musd,54.2025
disciplined,6,i6_outlay_musd,1520.0
disciplined,6,i6_year1_cashflow_musd,185.0
disciplined,6,i6_br_upgrade_funded,1.0
disciplined,7,i7_retail_match_cost_musd,0.0
disciplined,7,i7_capacity_matched,0.0
disciplined,8,i8_dwti,7.0
disciplined,8,i8_ebitda_effect_musd,600.0
disciplined,8,i8_window2_shift,-1.5
disciplined,9,i9_rebrand_cost_musd,194.0
disciplined,9,i9_rebrand_gain_musd,22.68
disciplined,9,i9_window3_nonfuel_shift,0.025
disciplined,10,i10_blended_demand_hit,-0.0237
disciplined,10,i10_capex_cancelled_musd,0.0
disciplined,10,i10_binding_count,2.0
disciplined,11,i11_kessana_margin_change,-4.02
disciplined,11,i11_exited,0.0
disciplined,12,i12_outlay_musd,1750.0
disciplined,12,i12_year1_cashflow_musd,20.0
disciplined,12,i12_divested,1.0
disciplined,13,i13_union_concession_musd,16.8
disciplined,13,i13_turnaround_delayed,0.0
harvester,2,i2_retail_volume_change_pct,-0.05
harvester,3,i3_rotterdam_idled,0.0
harvester,4,i4_geneva_leak_per_chain_bbl,1.54
harvester,5,i5_fx_ebitda_effect_musd,-8.9
harvester,5,i5_nwe_crack_shift,0.45
harvester,5,i5_rotterdam_window1_ebitda_musd,54.2025
harvester,6,i6_outlay_musd,0.0
harvester,6,i6_year1_cashflow_musd,0.0
harvester,6,i6_br_upgrade_funded,0.0
harvester,7,i7_retail_match_cost_musd,189.0
harvester,7,i7_capacity_matched,1.0
harvester,8,i8_dwti,7.0
harvester,8,i8_ebitda_effect_musd,950.0
harvester,8,i8_window2_shift,-1.5
harvester,9,i9_rebrand_cost_musd,0.0
harvester,9,i9_rebrand_gain_musd,0.0
harvester,9,i9_window3_nonfuel_shift,0.025
harvester,10,i10_blended_demand_hit,-0.0237
harvester,10,i10_capex_cancelled_musd,0.0
harvester,10,i10_binding_count,3.0
harvester,11,i11_kessana_margin_change,-8.04
harvester,11,i11_exited,0.0
harvester,12,i12_outlay_musd,0.0
harvester,12,i12_year1_cashflow_musd,0.0
harvester,12,i12_divested,0.0
harvester,13,i13_union_concession_musd,0.0
harvester,13,i13_turnaround_delayed,1.0
ambitious,2,i2_retail_volume_change_pct,0.05
ambitious,3,i3_rotterdam_idled,0.0
ambitious,4,i4_geneva_leak_per_chain_bbl,0.0
ambitious,5,i5_fx_ebitda_effect_musd,10.5
ambitious,5,i5_nwe_crack_shift,0.45
ambitious,5,i5_rotterdam_window1_ebitda_musd,54.2025
ambitious,6,i6_outlay_musd,1040.0
ambitious,6,i6_year1_cashflow_musd,250.0
ambitious,6,i6_br_upgrade_funded,1.0
ambitious,7,i7_retail_match_cost_musd,0.0
ambitious,7,i7_capacity_matched,1.0
ambitious,8,i8_dwti,7.0
ambitious,8,i8_ebitda_effect_musd,800.0
ambitious,8,i8_window2_shift,-1.5
ambitious,9,i9_rebrand_cost_musd,340.0
ambitious,9,i9_rebrand_gain_musd,7.695
ambitious,9,i9_window3_nonfuel_shift,0.025
ambitious,10,i10_blended_demand_hit,-0.0237
ambitious,10,i10_capex_cancelled_musd,100.0
ambitious,10,i10_binding_count,1.0
ambitious,11,i11_kessana_margin_change,0.0
ambitious,11,i11_exited,1.0
ambitious,12,i12_outlay_musd,1130.0
ambitious,12,i12_year1_cashflow_musd,120.0
ambitious,12,i12_divested,0.0
ambitious,13,i13_union_concession_musd,33.6
ambitious,13,i13_turnaround_delayed,0.0
steady,2,i2_retail_volume_change_pct,0.0
steady,3,i3_rotterdam_idled,1.0
steady,4,i4_geneva_leak_per_chain_bbl,0.0
steady,5,i5_fx_ebitda_effect_musd,10.5
steady,5,i5_nwe_crack_shift,0.45
steady,5,i5_rotterdam_window1_ebitda_musd,0.0
steady,6,i6_outlay_musd,1040.0
steady,6,i6_year1_cashflow_musd,250.0
steady,6,i6_br_upgrade_funded,1.0
steady,7,i7_retail_match_cost_musd,0.0
steady,7,i7_capacity_matched,0.0
steady,8,i8_dwti,7.0
steady,8,i8_ebitda_effect_musd,700.0
steady,8,i8_window2_shift,-1.5
steady,9,i9_rebrand_cost_musd,194.0
steady,9,i9_rebrand_gain_musd,22.68
steady,9,i9_window3_nonfuel_shift,0.025
steady,10,i10_blended_demand_hit,-0.0237
steady,10,i10_capex_cancelled_musd,50.0
steady,10,i10_binding_count,1.0
steady,11,i11_kessana_margin_change,-4.02
steady,11,i11_exited,0.0
steady,12,i12_outlay_musd,1030.0
steady,12,i12_year1_cashflow_musd,30.0
steady,12,i12_divested,0.0
steady,13,i13_union_concession_musd,16.8
steady,13,i13_turnaround_delayed,1.0
