team,quarter,metric,value
history,2026Q1,line.permian,808.501805
history,2026Q1,line.norway_operated,981.120000
history,2026Q1,line.norway_cutback_effect,-0.000000
history,2026Q1,line.norway_partner_run,420.480000
history,2026Q1,line.kessana,370.329000
history,2026Q1,line.gas_other,147.375737
history,2026Q1,line.internal_crude_shift,0.000000
history,2026Q1,line.geneva_gap_trading,0.000000
history,2026Q1,line.baton_rouge,864.159400
history,2026Q1,line.rotterdam,27.041025
history,2026Q1,line.rotterdam_one_time,0.000000
history,2026Q1,line.singapore,177.192900
history,2026Q1,line.geneva_desk,45.000000
history,2026Q1,line.cordell_fuel,130.075000
history,2026Q1,line.cordell_shop,178.794000
history,2026Q1,line.europe_stations,89.842500
history,2026Q1,line.retail_fixed,-60.000000
history,2026Q1,line.head_office,-200.000000
history,2026Q1,line.advisor_time,-0.000000
history,2026Q1,segment.oil_fields,2727.806542
history,2026Q1,segment.refineries,1068.393325
history,2026Q1,segment.geneva,45.000000
history,2026Q1,segment.gas_stations,338.711500
history,2026Q1,segment.head_office,-200.000000
history,2026Q1,money.ebitda,3979.911367
history,2026Q1,money.da,930.000000
history,2026Q1,money.tax,914.973410
history,2026Q1,money.capex,1125.000000
history,2026Q1,money.fcf,1939.937957
history,2026Q1,money.capital_employed_end,62195.000000
history,2026Q1,money.net_debt_end,19310.062043
history,2026Q1,kpi.profit_per_barrel,39.832389
history,2026Q1,kpi.roace_pct,13.773793
history,2026Q1,kpi.free_cash_flow,1939.937957
history,2026Q1,kpi.refining_vs_industry,0.610321
history,2026Q1,kpi.shop_profit_per_station_k,41.580000
history,2026Q1,kpi.debt_to_earnings,1.212971
history,2026Q1,kpi.plant_condition,70.000000
history,2026Q2,line.permian,844.607148
history,2026Q2,line.norway_operated,1034.775000
history,2026Q2,line.norway_cutback_effect,-0.000000
history,2026Q2,line.norway_partner_run,443.475000
history,2026Q2,line.kessana,384.892500
history,2026Q2,line.gas_other,147.375737
history,2026Q2,line.internal_crude_shift,0.000000
history,2026Q2,line.geneva_gap_trading,0.000000
history,2026Q2,line.baton_rouge,827.717800
history,2026Q2,line.rotterdam,-37.158825
history,2026Q2,line.rotterdam_one_time,0.000000
history,2026Q2,line.singapore,181.003500
history,2026Q2,line.geneva_desk,45.000000
history,2026Q2,line.cordell_fuel,130.075000
history,2026Q2,line.cordell_shop,178.794000
history,2026Q2,line.europe_stations,88.944075
history,2026Q2,line.retail_fixed,-60.000000
history,2026Q2,line.head_office,-200.000000
history,2026Q2,line.advisor_time,-0.000000
history,2026Q2,segment.oil_fields,2855.125385
history,2026Q2,segment.refineries,971.562475
history,2026Q2,segment.geneva,45.000000
history,2026Q2,segment.gas_stations,337.813075
history,2026Q2,segment.head_office,-200.000000
history,2026Q2,money.ebitda,4009.500935
history,2026Q2,money.da,932.925000
history,2026Q2,money.tax,922.972781
history,2026Q2,money.capex,1125.000000
history,2026Q2,money.fcf,1961.528155
history,2026Q2,money.capital_employed_end,62387.075000
history,2026Q2,money.net_debt_end,19098.533889
history,2026Q2,kpi.profit_per_barrel,40.114363
history,2026Q2,kpi.roace_pct,13.850651
history,2026Q2,kpi.free_cash_flow,1961.528155
history,2026Q2,kpi.refining_vs_industry,0.610321
history,2026Q2,kpi.shop_profit_per_station_k,41.580000
history,2026Q2,kpi.debt_to_earnings,1.190830
history,2026Q2,kpi.plant_condition,70.000000
history,2026Q3,line.permian,785.291227
history,2026Q3,line.norway_operated,946.627500
history,2026Q3,line.norway_cutback_effect,-0.000000
history,2026Q3,line.norway_partner_run,405.697500
history,2026Q3,line.kessana,360.966750
history,2026Q3,line.gas_other,147.375737
history,2026Q3,line.internal_crude_shift,0.000000
history,2026Q3,line.geneva_gap_trading,0.000000
history,2026Q3,line.baton_rouge,914.266600
history,2026Q3,line.rotterdam,-24.812700
history,2026Q3,line.rotterdam_one_time,0.000000
history,2026Q3,line.singapore,171.477000
history,2026Q3,line.geneva_desk,45.000000
history,2026Q3,line.cordell_fuel,130.075000
history,2026Q3,line.cordell_shop,178.794000
history,2026Q3,line.europe_stations,88.054634
history,2026Q3,line.retail_fixed,-60.000000
history,2026Q3,line.head_office,-200.000000
history,2026Q3,line.advisor_time,-0.000000
history,2026Q3,segment.oil_fields,2645.958714
history,2026Q3,segment.refineries,1060.930900
history,2026Q3,segment.geneva,45.000000
history,2026Q3,segment.gas_stations,336.923634
history,2026Q3,segment.head_office,-200.000000
history,2026Q3,money.ebitda,3888.813248
history,2026Q3,money.da,935.806125
history,2026Q3,money.tax,885.902137
history,2026Q3,money.capex,1125.000000
history,2026Q3,money.fcf,1877.911111
history,2026Q3,money.capital_employed_end,62576.268875
history,2026Q3,money.net_debt_end,18970.622778
history,2026Q3,kpi.profit_per_barrel,38.964272
history,2026Q3,kpi.roace_pct,13.253418
history,2026Q3,kpi.free_cash_flow,1877.911111
history,2026Q3,kpi.refining_vs_industry,0.610321
history,2026Q3,kpi.shop_profit_per_station_k,41.580000
history,2026Q3,kpi.debt_to_earnings,1.219564
history,2026Q3,kpi.plant_condition,70.000000
history,2026Q4,line.permian,742.738500
history,2026Q4,line.norway_operated,883.391250
history,2026Q4,line.norway_cutback_effect,-0.000000
history,2026Q4,line.norway_partner_run,378.596250
history,2026Q4,line.kessana,343.802625
history,2026Q4,line.gas_other,147.375737
history,2026Q4,line.internal_crude_shift,0.000000
history,2026Q4,line.geneva_gap_trading,0.000000
history,2026Q4,line.baton_rouge,937.042600
history,2026Q4,line.rotterdam,-29.751150
history,2026Q4,line.rotterdam_one_time,0.000000
history,2026Q4,line.singapore,165.761100
history,2026Q4,line.geneva_desk,45.000000
history,2026Q4,line.cordell_fuel,130.075000
history,2026Q4,line.cordell_shop,178.794000
history,2026Q4,line.europe_stations,87.174088
history,2026Q4,line.retail_fixed,-60.000000
history,2026Q4,line.head_office,-200.000000
history,2026Q4,line.advisor_time,-0.000000
history,2026Q4,segment.oil_fields,2495.904362
history,2026Q4,segment.refineries,1073.052550
history,2026Q4,segment.geneva,45.000000
history,2026Q4,segment.gas_stations,336.043088
history,2026Q4,segment.head_office,-200.000000
history,2026Q4,money.ebitda,3750.000000
history,2026Q4,money.da,938.644033
history,2026Q4,money.tax,843.406790
history,2026Q4,money.capex,1125.000000
history,2026Q4,money.fcf,1781.593210
history,2026Q4,money.capital_employed_end,62762.624842
history,2026Q4,money.net_debt_end,18939.029568
history,2026Q4,kpi.profit_per_barrel,37.641453
history,2026Q4,kpi.roace_pct,12.579524
history,2026Q4,kpi.free_cash_flow,1781.593210
history,2026Q4,kpi.refining_vs_industry,0.610321
history,2026Q4,kpi.shop_profit_per_station_k,41.580000
history,2026Q4,kpi.debt_to_earnings,1.262602
history,2026Q4,kpi.plant_condition,70.000000
careful,2027Q1,line.permian,715.659492
careful,2027Q1,line.norway_operated,843.150000
careful,2027Q1,line.norway_cutback_effect,-0.000000
careful,2027Q1,line.norway_partner_run,361.350000
careful,2027Q1,line.kessana,332.880000
careful,2027Q1,line.gas_other,147.375737
careful,2027Q1,line.internal_crude_shift,0.000000
careful,2027Q1,line.geneva_gap_trading,0.000000
careful,2027Q1,line.baton_rouge,968.929000
careful,2027Q1,line.rotterdam,-31.317000
careful,2027Q1,line.rotterdam_one_time,0.000000
careful,2027Q1,line.singapore,169.571700
careful,2027Q1,line.geneva_desk,45.000000
careful,2027Q1,line.cordell_fuel,130.075000
careful,2027Q1,line.cordell_shop,178.794000
careful,2027Q1,line.europe_stations,86.302347
careful,2027Q1,line.retail_fixed,-60.000000
careful,2027Q1,line.head_office,-200.000000
careful,2027Q1,line.advisor_time,-0.000000
careful,2027Q1,segment.oil_fields,2400.415229
careful,2027Q1,segment.refineries,1107.183700
careful,2027Q1,segment.geneva,45.000000
careful,2027Q1,segment.gas_stations,335.171347
careful,2027Q1,segment.head_office,-200.000000
careful,2027Q1,money.ebitda,3687.770276
careful,2027Q1,money.da,941.439373
careful,2027Q1,money.tax,823.899271
careful,2027Q1,money.capex,1005.000000
careful,2027Q1,money.fcf,1858.871005
careful,2027Q1,money.capital_employed_end,62826.185469
careful,2027Q1,money.net_debt_end,18830.158563
careful,2027Q1,kpi.profit_per_barrel,37.048436
careful,2027Q1,kpi.roace_pct,12.252079
careful,2027Q1,kpi.free_cash_flow,1858.871005
careful,2027Q1,kpi.refining_vs_industry,0.617930
careful,2027Q1,kpi.shop_profit_per_station_k,41.580000
careful,2027Q1,kpi.debt_to_earnings,1.276527
careful,2027Q1,kpi.plant_condition,70.000000
careful,2027Q1,ops.tp,70.700000
careful,2027Q1,ops.market_tp,70.700000
careful,2027Q1,ops.cost_tp,18.700000
careful,2027Q1,ops.permian_prod,141312.500000
careful,2027Q1,ops.br_throughput,499200.000000
careful,2027Q1,ops.rot_throughput,297000.000000
careful,2027Q1,ops.sg_accepted,90.000000
careful,2027Q1,score.composite,88.105129
careful,2027Q1,score.rank,1.000000
average,2027Q1,line.permian,715.659492
average,2027Q1,line.norway_operated,843.150000
average,2027Q1,line.norway_cutback_effect,-0.000000
average,2027Q1,line.norway_partner_run,361.350000
average,2027Q1,line.kessana,332.880000
average,2027Q1,line.gas_other,147.375737
average,2027Q1,line.internal_crude_shift,0.000000
average,2027Q1,line.geneva_gap_trading,0.000000
average,2027Q1,line.baton_rouge,968.929000
average,2027Q1,line.rotterdam,-34.689600
average,2027Q1,line.rotterdam_one_time,0.000000
average,2027Q1,line.singapore,169.571700
average,2027Q1,line.geneva_desk,45.000000
average,2027Q1,line.cordell_fuel,130.075000
average,2027Q1,line.cordell_shop,178.794000
average,2027Q1,line.europe_stations,86.302347
average,2027Q1,line.retail_fixed,-60.000000
average,2027Q1,line.head_office,-200.000000
average,2027Q1,line.advisor_time,-0.000000
average,2027Q1,segment.oil_fields,2400.415229
average,2027Q1,segment.refineries,1103.811100
average,2027Q1,segment.geneva,45.000000
average,2027Q1,segment.gas_stations,335.171347
average,2027Q1,segment.head_office,-200.000000
average,2027Q1,money.ebitda,3684.397676
average,2027Q1,money.da,941.439373
average,2027Q1,money.tax,822.887491
average,2027Q1,money.capex,1125.000000
average,2027Q1,money.fcf,1736.510185
average,2027Q1,money.capital_employed_end,62946.185469
average,2027Q1,money.net_debt_end,18952.519383
average,2027Q1,kpi.profit_per_barrel,37.016297
average,2027Q1,kpi.roace_pct,12.237033
average,2027Q1,kpi.free_cash_flow,1736.510185
average,2027Q1,kpi.refining_vs_industry,0.610321
average,2027Q1,kpi.shop_profit_per_station_k,41.580000
average,2027Q1,kpi.debt_to_earnings,1.285998
average,2027Q1,kpi.plant_condition,70.000000
average,2027Q1,ops.tp,70.700000
average,2027Q1,ops.market_tp,70.700000
average,2027Q1,ops.cost_tp,18.700000
average,2027Q1,ops.permian_prod,141312.500000
average,2027Q1,ops.br_throughput,499200.000000
average,2027Q1,ops.rot_throughput,270600.000000
average,2027Q1,ops.sg_accepted,90.000000
average,2027Q1,score.composite,82.183207
average,2027Q1,score.rank,2.000000
careless,2027Q1,line.permian,715.659492
careless,2027Q1,line.norway_operated,726.642000
careless,2027Q1,line.norway_cutback_effect,-116.508000
careless,2027Q1,line.norway_partner_run,361.350000
careless,2027Q1,line.kessana,332.880000
careless,2027Q1,line.gas_other,147.375737
careless,2027Q1,line.internal_crude_shift,0.000000
careless,2027Q1,line.geneva_gap_trading,0.000000
careless,2027Q1,line.baton_rouge,1002.025375
careless,2027Q1,line.rotterdam,-39.748500
careless,2027Q1,line.rotterdam_one_time,0.000000
careless,2027Q1,line.singapore,169.571700
careless,2027Q1,line.geneva_desk,45.000000
careless,2027Q1,line.cordell_fuel,130.075000
careless,2027Q1,line.cordell_shop,178.794000
careless,2027Q1,line.europe_stations,86.302347
careless,2027Q1,line.retail_fixed,-60.000000
careless,2027Q1,line.head_office,-200.000000
careless,2027Q1,line.advisor_time,-0.000000
careless,2027Q1,segment.oil_fields,2283.907229
careless,2027Q1,segment.refineries,1131.848575
careless,2027Q1,segment.geneva,45.000000
careless,2027Q1,segment.gas_stations,335.171347
careless,2027Q1,segment.head_office,-200.000000
careless,2027Q1,money.ebitda,3595.927151
careless,2027Q1,money.da,941.439373
careless,2027Q1,money.tax,796.346334
careless,2027Q1,money.capex,1605.000000
careless,2027Q1,money.fcf,1194.580818
careless,2027Q1,money.capital_employed_end,63426.185469
careless,2027Q1,money.net_debt_end,19494.448750
careless,2027Q1,kpi.profit_per_barrel,36.173219
careless,2027Q1,kpi.roace_pct,11.842344
careless,2027Q1,kpi.free_cash_flow,1194.580818
careless,2027Q1,kpi.refining_vs_industry,0.657783
careless,2027Q1,kpi.shop_profit_per_station_k,41.580000
careless,2027Q1,kpi.debt_to_earnings,1.355314
careless,2027Q1,kpi.plant_condition,68.500000
careless,2027Q1,ops.tp,70.700000
careless,2027Q1,ops.market_tp,70.700000
careless,2027Q1,ops.cost_tp,18.700000
careless,2027Q1,ops.permian_prod,141312.500000
careless,2027Q1,ops.br_throughput,514800.000000
careless,2027Q1,ops.rot_throughput,231000.000000
careless,2027Q1,ops.sg_accepted,90.000000
careless,2027Q1,score.composite,12.199250
careless,2027Q1,score.rank,3.000000
careful,2027Q2,line.permian,702.060391
careful,2027Q2,line.norway_operated,833.568750
careful,2027Q2,line.norway_cutback_effect,-0.000000
careful,2027Q2,line.norway_partner_run,357.243750
careful,2027Q2,line.kessana,330.279375
careful,2027Q2,line.gas_other,147.375737
careful,2027Q2,line.internal_crude_shift,0.000000
careful,2027Q2,line.geneva_gap_trading,0.000000
careful,2027Q2,line.baton_rouge,973.484200
careful,2027Q2,line.rotterdam,2.770350
careful,2027Q2,line.rotterdam_one_time,0.000000
careful,2027Q2,line.singapore,171.477000
careful,2027Q2,line.geneva_desk,45.000000
careful,2027Q2,line.cordell_fuel,139.822361
careful,2027Q2,line.cordell_shop,178.783696
careful,2027Q2,line.europe_stations,85.828178
careful,2027Q2,line.retail_fixed,-60.000000
careful,2027Q2,line.head_office,-200.000000
careful,2027Q2,line.advisor_time,-0.000000
careful,2027Q2,segment.oil_fields,2370.528003
careful,2027Q2,segment.refineries,1147.731550
careful,2027Q2,segment.geneva,45.000000
careful,2027Q2,segment.gas_stations,344.434234
careful,2027Q2,segment.head_office,-200.000000
careful,2027Q2,money.ebitda,3707.693787
careful,2027Q2,money.da,942.392782
careful,2027Q2,money.tax,829.590301
careful,2027Q2,money.capex,1005.000000
careful,2027Q2,money.fcf,1873.103485
careful,2027Q2,money.capital_employed_end,62888.792687
careful,2027Q2,money.net_debt_end,18707.055077
careful,2027Q2,kpi.profit_per_barrel,37.238297
careful,2027Q2,kpi.roace_pct,12.324229
careful,2027Q2,kpi.free_cash_flow,1873.103485
careful,2027Q2,kpi.refining_vs_industry,0.619771
careful,2027Q2,kpi.shop_profit_per_station_k,41.577604
careful,2027Q2,kpi.debt_to_earnings,1.261367
careful,2027Q2,kpi.plant_condition,70.000000
careful,2027Q2,ops.tp,70.200000
careful,2027Q2,ops.market_tp,70.200000
careful,2027Q2,ops.cost_tp,18.700000
careful,2027Q2,ops.permian_prod,139887.500000
careful,2027Q2,ops.br_throughput,499200.000000
careful,2027Q2,ops.rot_throughput,303600.000000
careful,2027Q2,ops.sg_accepted,90.000000
careful,2027Q2,score.composite,89.225913
careful,2027Q2,score.rank,1.000000
average,2027Q2,line.permian,709.212109
average,2027Q2,line.norway_operated,833.568750
average,2027Q2,line.norway_cutback_effect,-0.000000
average,2027Q2,line.norway_partner_run,357.243750
average,2027Q2,line.kessana,330.279375
average,2027Q2,line.gas_other,147.375737
average,2027Q2,line.internal_crude_shift,0.000000
average,2027Q2,line.geneva_gap_trading,0.000000
average,2027Q2,line.baton_rouge,973.484200
average,2027Q2,line.rotterdam,-5.058900
average,2027Q2,line.rotterdam_one_time,0.000000
average,2027Q2,line.singapore,171.477000
average,2027Q2,line.geneva_desk,45.000000
average,2027Q2,line.cordell_fuel,130.075000
average,2027Q2,line.cordell_shop,178.794000
average,2027Q2,line.europe_stations,85.439324
average,2027Q2,line.retail_fixed,-60.000000
average,2027Q2,line.head_office,-200.000000
average,2027Q2,line.advisor_time,-0.000000
average,2027Q2,segment.oil_fields,2377.679721
average,2027Q2,segment.refineries,1139.902300
average,2027Q2,segment.geneva,45.000000
average,2027Q2,segment.gas_stations,334.308324
average,2027Q2,segment.head_office,-200.000000
average,2027Q2,money.ebitda,3696.890345
average,2027Q2,money.da,944.192782
average,2027Q2,money.tax,825.809269
average,2027Q2,money.capex,1125.000000
average,2027Q2,money.fcf,1746.081076
average,2027Q2,money.capital_employed_end,63126.992687
average,2027Q2,money.net_debt_end,18956.438306
average,2027Q2,kpi.profit_per_barrel,37.135346
average,2027Q2,kpi.roace_pct,12.244671
average,2027Q2,kpi.free_cash_flow,1746.081076
average,2027Q2,kpi.refining_vs_industry,0.610321
average,2027Q2,kpi.shop_profit_per_station_k,41.580000
average,2027Q2,kpi.debt_to_earnings,1.281918
average,2027Q2,kpi.plant_condition,70.000000
average,2027Q2,ops.tp,70.200000
average,2027Q2,ops.market_tp,70.200000
average,2027Q2,ops.cost_tp,18.700000
average,2027Q2,ops.permian_prod,141312.500000
average,2027Q2,ops.br_throughput,499200.000000
average,2027Q2,ops.rot_throughput,270600.000000
average,2027Q2,ops.sg_accepted,90.000000
average,2027Q2,score.composite,80.828167
average,2027Q2,score.rank,2.000000
careless,2027Q2,line.permian,716.363828
careless,2027Q2,line.norway_operated,718.018875
careless,2027Q2,line.norway_cutback_effect,-115.549875
careless,2027Q2,line.norway_partner_run,357.243750
careless,2027Q2,line.kessana,330.279375
careless,2027Q2,line.gas_other,147.375737
careless,2027Q2,line.internal_crude_shift,0.000000
careless,2027Q2,line.geneva_gap_trading,0.000000
careless,2027Q2,line.baton_rouge,1006.722925
careless,2027Q2,line.rotterdam,-14.454000
careless,2027Q2,line.rotterdam_one_time,0.000000
careless,2027Q2,line.singapore,171.477000
careless,2027Q2,line.geneva_desk,45.000000
careless,2027Q2,line.cordell_fuel,94.640694
careless,2027Q2,line.cordell_shop,178.870912
careless,2027Q2,line.europe_stations,77.734735
careless,2027Q2,line.retail_fixed,-60.000000
careless,2027Q2,line.head_office,-200.000000
careless,2027Q2,line.advisor_time,-0.000000
careless,2027Q2,segment.oil_fields,2269.281565
careless,2027Q2,segment.refineries,1163.745925
careless,2027Q2,segment.geneva,45.000000
careless,2027Q2,segment.gas_stations,291.246342
careless,2027Q2,segment.head_office,-200.000000
careless,2027Q2,money.ebitda,3569.273832
careless,2027Q2,money.da,951.392782
careless,2027Q2,money.tax,785.364315
careless,2027Q2,money.capex,1605.000000
careless,2027Q2,money.fcf,1178.909517
careless,2027Q2,money.capital_employed_end,64079.792687
careless,2027Q2,money.net_debt_end,20065.539233
careless,2027Q2,kpi.profit_per_barrel,35.919227
careless,2027Q2,kpi.roace_pct,11.556847
careless,2027Q2,kpi.free_cash_flow,1178.909517
careless,2027Q2,kpi.refining_vs_industry,0.657783
careless,2027Q2,kpi.shop_profit_per_station_k,41.597887
careless,2027Q2,kpi.debt_to_earnings,1.405436
careless,2027Q2,kpi.plant_condition,67.000000
careless,2027Q2,ops.tp,70.200000
careless,2027Q2,ops.market_tp,70.200000
careless,2027Q2,ops.cost_tp,18.700000
careless,2027Q2,ops.permian_prod,142737.500000
careless,2027Q2,ops.br_throughput,514800.000000
careless,2027Q2,ops.rot_throughput,231000.000000
careless,2027Q2,ops.sg_accepted,90.000000
careless,2027Q2,score.composite,11.152079
careless,2027Q2,score.rank,3.000000
careful,2027Q3,line.permian,722.035531
careful,2027Q3,line.norway_operated,873.810000
careful,2027Q3,line.norway_cutback_effect,-0.000000
careful,2027Q3,line.norway_partner_run,374.490000
careful,2027Q3,line.kessana,341.202000
careful,2027Q3,line.gas_other,147.375737
careful,2027Q3,line.internal_crude_shift,0.000000
careful,2027Q3,line.geneva_gap_trading,0.000000
careful,2027Q3,line.baton_rouge,950.708200
careful,2027Q3,line.rotterdam,-5.540700
careful,2027Q3,line.rotterdam_one_time,0.000000
careful,2027Q3,line.singapore,176.981200
careful,2027Q3,line.geneva_desk,45.000000
careful,2027Q3,line.cordell_fuel,139.818229
careful,2027Q3,line.cordell_shop,178.778543
careful,2027Q3,line.europe_stations,84.964218
careful,2027Q3,line.retail_fixed,-60.000000
careful,2027Q3,line.head_office,-200.000000
careful,2027Q3,line.advisor_time,-0.000000
careful,2027Q3,segment.oil_fields,2458.913268
careful,2027Q3,segment.refineries,1122.148700
careful,2027Q3,segment.geneva,45.000000
careful,2027Q3,segment.gas_stations,343.560990
careful,2027Q3,segment.head_office,-200.000000
careful,2027Q3,money.ebitda,3769.622958
careful,2027Q3,money.da,943.331890
careful,2027Q3,money.tax,847.887320
careful,2027Q3,money.capex,1005.000000
careful,2027Q3,money.fcf,1916.735638
careful,2027Q3,money.capital_employed_end,62950.460797
careful,2027Q3,money.net_debt_end,18540.319439
careful,2027Q3,kpi.profit_per_barrel,37.828450
careful,2027Q3,kpi.roace_pct,12.583506
careful,2027Q3,kpi.free_cash_flow,1916.735638
careful,2027Q3,kpi.refining_vs_industry,0.611611
careful,2027Q3,kpi.shop_profit_per_station_k,41.576405
careful,2027Q3,kpi.debt_to_earnings,1.229587
careful,2027Q3,kpi.plant_condition,70.000000
careful,2027Q3,ops.tp,72.300000
careful,2027Q3,ops.market_tp,72.300000
careful,2027Q3,ops.cost_tp,18.700000
careful,2027Q3,ops.permian_prod,138576.500000
careful,2027Q3,ops.br_throughput,499200.000000
careful,2027Q3,ops.rot_throughput,303600.000000
careful,2027Q3,ops.sg_accepted,95.000000
careful,2027Q3,score.composite,92.202986
careful,2027Q3,score.rank,1.000000
average,2027Q3,line.permian,736.291117
average,2027Q3,line.norway_operated,873.810000
average,2027Q3,line.norway_cutback_effect,-0.000000
average,2027Q3,line.norway_partner_run,374.490000
average,2027Q3,line.kessana,341.202000
average,2027Q3,line.gas_other,147.375737
average,2027Q3,line.internal_crude_shift,0.000000
average,2027Q3,line.geneva_gap_trading,0.000000
average,2027Q3,line.baton_rouge,950.708200
average,2027Q3,line.rotterdam,-12.466575
average,2027Q3,line.rotterdam_one_time,0.000000
average,2027Q3,line.singapore,167.666400
average,2027Q3,line.geneva_desk,45.000000
average,2027Q3,line.cordell_fuel,130.075000
average,2027Q3,line.cordell_shop,178.794000
average,2027Q3,line.europe_stations,84.584930
average,2027Q3,line.retail_fixed,-60.000000
average,2027Q3,line.head_office,-200.000000
average,2027Q3,line.advisor_time,-0.000000
average,2027Q3,segment.oil_fields,2473.168854
average,2027Q3,segment.refineries,1105.908025
average,2027Q3,segment.geneva,45.000000
average,2027Q3,segment.gas_stations,333.453930
average,2027Q3,segment.head_office,-200.000000
average,2027Q3,money.ebitda,3757.530810
average,2027Q3,money.da,946.904890
average,2027Q3,money.tax,843.187776
average,2027Q3,money.capex,1125.000000
average,2027Q3,money.fcf,1789.343034
average,2027Q3,money.capital_employed_end,63305.087797
average,2027Q3,money.net_debt_end,18917.095273
average,2027Q3,kpi.profit_per_barrel,37.713218
average,2027Q3,kpi.roace_pct,12.466541
average,2027Q3,kpi.free_cash_flow,1789.343034
average,2027Q3,kpi.refining_vs_industry,0.610321
average,2027Q3,kpi.shop_profit_per_station_k,41.580000
average,2027Q3,kpi.debt_to_earnings,1.258612
average,2027Q3,kpi.plant_condition,70.000000
average,2027Q3,ops.tp,72.300000
average,2027Q3,ops.market_tp,72.300000
average,2027Q3,ops.cost_tp,18.700000
average,2027Q3,ops.permian_prod,141312.500000
average,2027Q3,ops.br_throughput,499200.000000
average,2027Q3,ops.rot_throughput,270600.000000
average,2027Q3,ops.sg_accepted,90.000000
average,2027Q3,score.composite,84.563294
average,2027Q3,score.rank,2.000000
careless,2027Q3,line.permian,750.546703
careless,2027Q3,line.norway_operated,754.236000
careless,2027Q3,line.norway_cutback_effect,-119.574000
careless,2027Q3,line.norway_partner_run,374.490000
careless,2027Q3,line.kessana,341.202000
careless,2027Q3,line.gas_other,147.375737
careless,2027Q3,line.internal_crude_shift,0.000000
careless,2027Q3,line.geneva_gap_trading,0.000000
careless,2027Q3,line.baton_rouge,983.235175
careless,2027Q3,line.rotterdam,-74.258750
careless,2027Q3,line.rotterdam_one_time,0.000000
careless,2027Q3,line.singapore,176.981200
careless,2027Q3,line.geneva_desk,45.000000
careless,2027Q3,line.cordell_fuel,94.620347
careless,2027Q3,line.cordell_shop,178.832456
careless,2027Q3,line.europe_stations,76.926390
careless,2027Q3,line.retail_fixed,-60.000000
careless,2027Q3,line.head_office,-200.000000
careless,2027Q3,line.advisor_time,-0.000000
careless,2027Q3,segment.oil_fields,2367.850440
careless,2027Q3,segment.refineries,1085.957625
careless,2027Q3,segment.geneva,45.000000
careless,2027Q3,segment.gas_stations,290.379193
careless,2027Q3,segment.head_office,-200.000000
careless,2027Q3,money.ebitda,3589.187258
careless,2027Q3,money.da,961.196890
careless,2027Q3,money.tax,788.397110
careless,2027Q3,money.capex,1605.000000
careless,2027Q3,money.fcf,1195.790148
careless,2027Q3,money.capital_employed_end,64723.595797
careless,2027Q3,money.net_debt_end,20619.749085
careless,2027Q3,kpi.profit_per_barrel,36.108991
careless,2027Q3,kpi.roace_pct,11.483141
careless,2027Q3,kpi.free_cash_flow,1195.790148
careless,2027Q3,kpi.refining_vs_industry,0.495192
careless,2027Q3,kpi.shop_profit_per_station_k,41.588943
careless,2027Q3,kpi.debt_to_earnings,1.436241
careless,2027Q3,kpi.plant_condition,66.000000
careless,2027Q3,ops.tp,72.300000
careless,2027Q3,ops.market_tp,72.300000
careless,2027Q3,ops.cost_tp,18.700000
careless,2027Q3,ops.permian_prod,144048.500000
careless,2027Q3,ops.br_throughput,514800.000000
careless,2027Q3,ops.rot_throughput,0.000000
careless,2027Q3,ops.sg_accepted,95.000000
careless,2027Q3,score.composite,7.797014
careless,2027Q3,score.rank,3.000000
careful,2027Q4,line.permian,131.050260
careful,2027Q4,line.norway_operated,900.637500
careful,2027Q4,line.norway_cutback_effect,-0.000000
careful,2027Q4,line.norway_partner_run,385.987500
careful,2027Q4,line.kessana,348.483750
careful,2027Q4,line.gas_other,147.375737
careful,2027Q4,line.internal_crude_shift,602.250000
careful,2027Q4,line.geneva_gap_trading,0.000000
careful,2027Q4,line.baton_rouge,1525.627000
careful,2027Q4,line.rotterdam,-13.851750
careful,2027Q4,line.rotterdam_one_time,0.000000
careful,2027Q4,line.singapore,172.958900
careful,2027Q4,line.geneva_desk,45.000000
careful,2027Q4,line.cordell_fuel,139.814097
careful,2027Q4,line.cordell_shop,178.773391
careful,2027Q4,line.europe_stations,84.108954
careful,2027Q4,line.retail_fixed,-60.000000
careful,2027Q4,line.head_office,-200.000000
careful,2027Q4,line.advisor_time,-0.000000
careful,2027Q4,segment.oil_fields,1913.534747
careful,2027Q4,segment.refineries,1684.734150
careful,2027Q4,segment.geneva,45.000000
careful,2027Q4,segment.gas_stations,342.696442
careful,2027Q4,segment.head_office,-200.000000
careful,2027Q4,money.ebitda,3785.965339
careful,2027Q4,money.da,944.256912
careful,2027Q4,money.tax,852.512528
careful,2027Q4,money.capex,1005.000000
careful,2027Q4,money.fcf,1928.452811
careful,2027Q4,money.capital_employed_end,63011.203885
careful,2027Q4,money.net_debt_end,18361.866628
careful,2027Q4,kpi.profit_per_barrel,37.984184
careful,2027Q4,kpi.roace_pct,12.639754
careful,2027Q4,kpi.free_cash_flow,1928.452811
careful,2027Q4,kpi.refining_vs_industry,0.611611
careful,2027Q4,kpi.shop_profit_per_station_k,41.575207
careful,2027Q4,kpi.debt_to_earnings,1.212496
careful,2027Q4,kpi.plant_condition,70.000000
careful,2027Q4,ops.tp,18.700000
careful,2027Q4,ops.market_tp,73.700000
careful,2027Q4,ops.cost_tp,18.700000
careful,2027Q4,ops.permian_prod,137370.380000
careful,2027Q4,ops.br_throughput,499200.000000
careful,2027Q4,ops.rot_throughput,303600.000000
careful,2027Q4,ops.sg_accepted,95.000000
careful,2027Q4,score.composite,92.280436
careful,2027Q4,score.rank,1.000000
average,2027Q4,line.permian,754.343789
average,2027Q4,line.norway_operated,900.637500
average,2027Q4,line.norway_cutback_effect,-0.000000
average,2027Q4,line.norway_partner_run,385.987500
average,2027Q4,line.kessana,348.483750
average,2027Q4,line.gas_other,147.375737
average,2027Q4,line.internal_crude_shift,0.000000
average,2027Q4,line.geneva_gap_trading,0.000000
average,2027Q4,line.baton_rouge,923.377000
average,2027Q4,line.rotterdam,-19.874250
average,2027Q4,line.rotterdam_one_time,0.000000
average,2027Q4,line.singapore,163.855800
average,2027Q4,line.geneva_desk,45.000000
average,2027Q4,line.cordell_fuel,130.075000
average,2027Q4,line.cordell_shop,178.794000
average,2027Q4,line.europe_stations,83.739081
average,2027Q4,line.retail_fixed,-60.000000
average,2027Q4,line.head_office,-200.000000
average,2027Q4,line.advisor_time,-0.000000
average,2027Q4,segment.oil_fields,2536.828276
average,2027Q4,segment.refineries,1067.358550
average,2027Q4,segment.geneva,45.000000
average,2027Q4,segment.gas_stations,332.608081
average,2027Q4,segment.head_office,-200.000000
average,2027Q4,money.ebitda,3781.794907
average,2027Q4,money.da,949.576317
average,2027Q4,money.tax,849.665577
average,2027Q4,money.capex,1125.000000
average,2027Q4,money.fcf,1807.129330
average,2027Q4,money.capital_employed_end,63480.511480
average,2027Q4,money.net_debt_end,18859.965943
average,2027Q4,kpi.profit_per_barrel,37.944442
average,2027Q4,kpi.roace_pct,12.526974
average,2027Q4,kpi.free_cash_flow,1807.129330
average,2027Q4,kpi.refining_vs_industry,0.610321
average,2027Q4,kpi.shop_profit_per_station_k,41.580000
average,2027Q4,kpi.debt_to_earnings,1.246760
average,2027Q4,kpi.plant_condition,70.000000
average,2027Q4,ops.tp,73.700000
average,2027Q4,ops.market_tp,73.700000
average,2027Q4,ops.cost_tp,18.700000
average,2027Q4,ops.permian_prod,141312.500000
average,2027Q4,ops.br_throughput,499200.000000
average,2027Q4,ops.rot_throughput,270600.000000
average,2027Q4,ops.sg_accepted,90.000000
average,2027Q4,score.composite,86.127069
average,2027Q4,score.rank,2.000000
careless,2027Q4,line.permian,474.262318
careless,2027Q4,line.norway_operated,778.380750
careless,2027Q4,line.norway_cutback_effect,-122.256750
careless,2027Q4,line.norway_partner_run,385.987500
careless,2027Q4,line.kessana,348.483750
careless,2027Q4,line.gas_other,147.375737
careless,2027Q4,line.internal_crude_shift,301.125000
careless,2027Q4,line.geneva_gap_trading,35.131250
careless,2027Q4,line.baton_rouge,1221.043625
careless,2027Q4,line.rotterdam,-74.258750
careless,2027Q4,line.rotterdam_one_time,0.000000
careless,2027Q4,line.singapore,172.958900
careless,2027Q4,line.geneva_desk,45.000000
careless,2027Q4,line.cordell_fuel,94.600000
careless,2027Q4,line.cordell_shop,178.794000
careless,2027Q4,line.europe_stations,76.126437
careless,2027Q4,line.retail_fixed,-60.000000
careless,2027Q4,line.head_office,-200.000000
careless,2027Q4,line.advisor_time,-0.000000
careless,2027Q4,segment.oil_fields,2134.490055
careless,2027Q4,segment.refineries,1319.743775
careless,2027Q4,segment.geneva,80.131250
careless,2027Q4,segment.gas_stations,289.520437
careless,2027Q4,segment.head_office,-200.000000
careless,2027Q4,money.ebitda,3623.885518
careless,2027Q4,money.da,970.853937
careless,2027Q4,money.tax,795.909474
careless,2027Q4,money.capex,1605.000000
careless,2027Q4,money.fcf,1222.976043
careless,2027Q4,money.capital_employed_end,65357.741860
careless,2027Q4,money.net_debt_end,21146.773042
careless,2027Q4,kpi.profit_per_barrel,36.439648
careless,2027Q4,kpi.roace_pct,11.477249
careless,2027Q4,kpi.free_cash_flow,1222.976043
careless,2027Q4,kpi.refining_vs_industry,0.495192
careless,2027Q4,kpi.shop_profit_per_station_k,41.580000
careless,2027Q4,kpi.debt_to_earnings,1.458847
careless,2027Q4,kpi.plant_condition,65.000000
careless,2027Q4,ops.tp,46.200000
careless,2027Q4,ops.market_tp,73.700000
careless,2027Q4,ops.cost_tp,18.700000
careless,2027Q4,ops.permian_prod,145254.620000
careless,2027Q4,ops.br_throughput,514800.000000
careless,2027Q4,ops.rot_throughput,0.000000
careless,2027Q4,ops.sg_accepted,95.000000
careless,2027Q4,score.composite,7.719564
careless,2027Q4,score.rank,3.000000
