team,round,quarter,rigs,norway,br_run,rot_run,rot_posture,sg_request,tp_method,tp_value,advisor_answers,crude_hedge_pct,eur_hedge,nok_hedge,proj_br_upgrade,proj_rot_upgrade,proj_helix,resp_urban,resp_suburban,resp_rural,resp_interstate,capacity_response,opec_case,off_urban,off_suburban,off_rural,off_interstate,off_nl,off_be,off_de
careful,1,2027Q1,11,run,96,90,run,90.0,market,,0,0.0,0.0,0.0,hold,hold,hold,ignore,ignore,ignore,ignore,hold,fails,2.0,3.5,5.0,3.0,0.0,1.0,-1.0
average,1,2027Q1,14,run,96.0,82.0,run,90.0,market,,0,0.0,0.0,0.0,hold,hold,hold,ignore,ignore,ignore,ignore,hold,fails,2.0,3.5,5.0,3.0,0.0,1.0,-1.0
careless,1,2027Q1,26,cut,99,70,run,90.0,market,,0,0.0,0.0,0.0,hold,hold,hold,ignore,ignore,ignore,ignore,hold,fails,2.0,3.5,5.0,3.0,0.0,1.0,-1.0
careful,2,2027Q2,11,run,96,92,run,90.0,market,,0,0.0,0.0,0.0,hold,hold,hold,ignore,ignore,ignore,ignore,hold,fails,2.0,4.5,7.0,3.5,0.5,1.5,-1.5
average,2,2027Q2,14,run,96.0,82.0,run,90.0,market,,0,0.0,0.0,0.0,hold,hold,hold,ignore,ignore,ignore,ignore,hold,fails,2.0,3.5,5.0,3.0,0.0,1.0,-1.0
careless,2,2027Q2,26,cut,99,70,run,90.0,market,,0,0.0,0.0,0.0,hold,hold,hold,ignore,ignore,ignore,ignore,hold,fails,-1.0,0.5,2.0,0.0,-3.0,-2.0,-4.0
careful,3,2027Q3,11,run,96,92,run,95,market,,0,0.0,0.0,0.0,hold,hold,hold,ignore,ignore,ignore,ignore,hold,fails,2.0,4.5,7.0,3.5,0.5,1.5,-1.5
average,3,2027Q3,14,run,96.0,82.0,run,90.0,market,,0,0.0,0.0,0.0,hold,hold,hold,ignore,ignore,ignore,ignore,hold,fails,2.0,3.5,5.0,3.0,0.0,1.0,-1.0
careless,3,2027Q3,26,cut,99,82.0,idle,100,market,,0,0.0,0.0,0.0,hold,hold,hold,ignore,ignore,ignore,ignore,hold,fails,-1.0,0.5,2.0,0.0,-3.0,-2.0,-4.0
careful,4,2027Q4,11,run,96,92,run,95,cost,,0,0.0,0.0,0.0,hold,hold,hold,ignore,ignore,ignore,ignore,hold,fails,2.0,4.5,7.0,3.5,0.5,1.5,-1.5
average,4,2027Q4,14,run,96.0,82.0,run,90.0,market,,0,0.0,0.0,0.0,hold,hold,hold,ignore,ignore,ignore,ignore,hold,fails,2.0,3.5,5.0,3.0,0.0,1.0,-1.0
careless,4,2027Q4,26,cut,99,82.0,idle,100,other,46.2,0,0.0,0.0,0.0,hold,hold,hold,ignore,ignore,ignore,ignore,hold,fails,-1.0,0.5,2.0,0.0,-3.0,-2.0,-4.0
careful,5,2028Q1,11,run,96,92,run,95,cost,,0,25,100,150,hold,hold,hold,ignore,ignore,ignore,ignore,hold,fails,2.0,4.5,7.0,3.5,0.5,1.5,-1.5
average,5,2028Q1,14,run,96.0,82.0,run,90.0,market,,0,0.0,0.0,0.0,hold,hold,hold,ignore,ignore,ignore,ignore,hold,fails,2.0,3.5,5.0,3.0,0.0,1.0,-1.0
careless,5,2028Q1,26,cut,99,82.0,idle,100,other,46.2,0,50,600,0.0,hold,hold,hold,ignore,ignore,ignore,ignore,hold,fails,-1.0,0.5,2.0,0.0,-3.0,-2.0,-4.0
careful,6,2028Q2,11,run,96,92,run,95,cost,,0,25,100,150,commit,commit,hold,ignore,ignore,ignore,ignore,hold,fails,2.0,4.5,7.0,3.5,0.5,1.5,-1.5
average,6,2028Q2,14,run,96.0,82.0,run,90.0,market,,0,0.0,0.0,0.0,hold,hold,hold,ignore,ignore,ignore,ignore,hold,fails,2.0,3.5,5.0,3.0,0.0,1.0,-1.0
careless,6,2028Q2,26,cut,99,82.0,idle,100,other,46.2,0,50,600,0.0,hold,hold,commit,ignore,ignore,ignore,ignore,hold,fails,-1.0,0.5,2.0,0.0,-3.0,-2.0,-4.0
careful,7,2028Q3,11,run,96,92,run,95,cost,,0,25,100,150,commit,commit,hold,ignore,ignore,ignore,ignore,hold,fails,2.0,4.5,7.0,3.5,0.5,1.5,-1.5
average,7,2028Q3,14,run,96.0,82.0,run,90.0,market,,0,0.0,0.0,0.0,hold,hold,hold,ignore,ignore,ignore,ignore,hold,fails,2.0,3.5,5.0,3.0,0.0,1.0,-1.0
careless,7,2028Q3,26,cut,99,82.0,idle,100,other,46.2,0,50,600,0.0,hold,hold,commit,match,match,match,match,match,fails,-1.0,0.5,2.0,0.0,-3.0,-2.0,-4.0
careful,8,2028Q4,11,run,96,92,run,95,cost,,0,25,100,150,commit,commit,hold,ignore,ignore,ignore,ignore,hold,partial,2.0,4.5,7.0,3.5,0.5,1.5,-1.5
average,8,2028Q4,14,run,96.0,82.0,run,90.0,market,,0,0.0,0.0,0.0,hold,hold,hold,ignore,ignore,ignore,ignore,hold,fails,2.0,3.5,5.0,3.0,0.0,1.0,-1.0
careless,8,2028Q4,26,cut,99,82.0,idle,100,other,46.2,0,50,600,0.0,hold,hold,commit,match,match,match,match,match,full,-1.0,0.5,2.0,0.0,-3.0,-2.0,-4.0
