team,quarter_end,permian_prod_next,rot_status,capital_employed,net_debt,asset_health,europe_volume_factor,held_up,held_down
careful,2027Q1,139887.5,running,62826.18546924687,18830.15856253142,70.0,0.9509900498999999,"{""be"": 0, ""de"": 0, ""interstate"": 0, ""nl"": 0, ""rural"": 0, ""suburban"": 0, ""urban"": 0}","{""be"": 0, ""de"": 0, ""interstate"": 0, ""nl"": 0, ""rural"": 0, ""suburban"": 0, ""urban"": 0}"
average,2027Q1,141312.5,running,62946.18546924687,18952.519382531416,70.0,0.9509900498999999,"{""be"": 0, ""de"": 0, ""interstate"": 0, ""nl"": 0, ""rural"": 0, ""suburban"": 0, ""urban"": 0}","{""be"": 0, ""de"": 0, ""interstate"": 0, ""nl"": 0, ""rural"": 0, ""suburban"": 0, ""urban"": 0}"
careless,2027Q1,142737.5,running,63426.18546924687,19494.448750031417,68.5,0.9509900498999999,"{""be"": 0, ""de"": 0, ""interstate"": 0, ""nl"": 0, ""rural"": 0, ""suburban"": 0, ""urban"": 0}","{""be"": 0, ""de"": 0, ""interstate"": 0, ""nl"": 0, ""rural"": 0, ""suburban"": 0, ""urban"": 0}"
careful,2027Q2,138576.5,running,62888.792687208166,18707.05507720562,70.0,0.9414801494009999,"{""be"": 1, ""de"": 0, ""interstate"": 1, ""nl"": 1, ""rural"": 1, ""suburban"": 1, ""urban"": 0}","{""be"": 0, ""de"": 1, ""interstate"": 0, ""nl"": 0, ""rural"": 0, ""suburban"": 0, ""urban"": 0}"
average,2027Q2,141312.5,running,63126.99268720816,18956.438306466607,70.0,0.9414801494009999,"{""be"": 0, ""de"": 0, ""interstate"": 0, ""nl"": 0, ""rural"": 0, ""suburban"": 0, ""urban"": 0}","{""be"": 0, ""de"": 0, ""interstate"": 0, ""nl"": 0, ""rural"": 0, ""suburban"": 0, ""urban"": 0}"
careless,2027Q2,144048.5,running,64079.792687208166,20065.539233019288,67.0,0.9414801494009999,"{""be"": 0, ""de"": 0, ""interstate"": 0, ""nl"": 0, ""rural"": 0, ""suburban"": 0, ""urban"": 0}","{""be"": 1, ""de"": 1, ""interstate"": 1, ""nl"": 1, ""rural"": 1, ""suburban"": 1, ""urban"": 1}"
careful,2027Q3,137370.38,running,62950.46079690004,18540.319439372648,70.0,0.9320653479069899,"{""be"": 2, ""de"": 0, ""interstate"": 2, ""nl"": 2, ""rural"": 2, ""suburban"": 2, ""urban"": 0}","{""be"": 0, ""de"": 2, ""interstate"": 0, ""nl"": 0, ""rural"": 0, ""suburban"": 0, ""urban"": 0}"
average,2027Q3,141312.5,running,63305.08779690004,18917.095272717128,70.0,0.9320653479069899,"{""be"": 0, ""de"": 0, ""interstate"": 0, ""nl"": 0, ""rural"": 0, ""suburban"": 0, ""urban"": 0}","{""be"": 0, ""de"": 0, ""interstate"": 0, ""nl"": 0, ""rural"": 0, ""suburban"": 0, ""urban"": 0}"
careless,2027Q3,145254.62,idle,64723.59579690004,20619.74908529241,66.0,0.9320653479069899,"{""be"": 0, ""de"": 0, ""interstate"": 0, ""nl"": 0, ""rural"": 0, ""suburban"": 0, ""urban"": 0}","{""be"": 2, ""de"": 2, ""interstate"": 2, ""nl"": 2, ""rural"": 2, ""suburban"": 2, ""urban"": 2}"
careful,2027Q4,136260.7496,running,63011.20388494654,18361.866628463416,70.0,0.92274469442792,"{""be"": 3, ""de"": 0, ""interstate"": 3, ""nl"": 3, ""rural"": 3, ""suburban"": 3, ""urban"": 0}","{""be"": 0, ""de"": 3, ""interstate"": 0, ""nl"": 0, ""rural"": 0, ""suburban"": 0, ""urban"": 0}"
average,2027Q4,141312.5,running,63480.511479946545,18859.965942673793,70.0,0.92274469442792,"{""be"": 0, ""de"": 0, ""interstate"": 0, ""nl"": 0, ""rural"": 0, ""suburban"": 0, ""urban"": 0}","{""be"": 0, ""de"": 0, ""interstate"": 0, ""nl"": 0, ""rural"": 0, ""suburban"": 0, ""urban"": 0}"
careless,2027Q4,146364.2504,idle,65357.741859946545,21146.773041831897,65.0,0.92274469442792,"{""be"": 0, ""de"": 0, ""interstate"": 0, ""nl"": 0, ""rural"": 0, ""suburban"": 0, ""urban"": 0}","{""be"": 3, ""de"": 3, ""interstate"": 3, ""nl"": 3, ""rural"": 3, ""suburban"": 3, ""urban"": 3}"
